Numéro du support;Longitude;Latitude;Position;Insee;Lieu dit;Adresse;Code postal;Commune;Nature du support;Hauteur en m;Propriétaire
64111;5.4191666666666665;43.297777777777775;"43°17'52.000""N 5°25'9.000""E";13212;ST JEAN DU DESERT;10-12 BD  DU GARLABAN;13012;MARSEILLE 12E ARRONDISSEMENT;Immeuble;22.0;"Copropriété, Syndic, SCI"
73229;5.5777777777777775;43.415;"43°24'54.000""N 5°34'40.000""E";13013;LE CHÂTEAU;"";13720;BELCODENE;Pylône autostable;21.0;TOTEM
73431;5.3438888888888885;43.378055555555555;"43°22'41.000""N 5°20'38.000""E";13071;"";CHEM LE VAL BÂT.3;13170;PENNES MIRABEAU;Immeuble;22.0;Société HLM
73499;5.3675;43.397777777777776;"43°23'52.000""N 5°22'3.000""E";13106;CHAPELLE;R DU VALLON DU MAIRE;13240;SEPTEMES LES VALLONS;Monument religieux;18.0;"Commune, communauté de commune"
73537;5.3886111111111115;43.27027777777778;"43°16'13.000""N 5°23'19.000""E";13208;"";343 AV DU PRADO CTRE TÉLÉPHONIQUE;13008;MARSEILLE 8E ARRONDISSEMENT;Immeuble;20.0;ORANGE Services Fixes
73541;5.389722222222222;43.27472222222222;"43°16'29.000""N 5°23'23.000""E";13208;"";258 AV DU PRADO BRICORAMA;13008;MARSEILLE 8E ARRONDISSEMENT;Bâtiment;40.0;"Copropriété, Syndic, SCI"
73703;5.542222222222222;43.21333333333333;"43°12'48.000""N 5°32'32.000""E";13022;"";"AV DE REVESTEL LA VIGIE DE L'ARÈNE - BÂT.B";13260;CASSIS;Immeuble;16.0;"Copropriété, Syndic, SCI"
73741;5.608333333333333;43.175555555555555;"43°10'32.000""N 5°36'30.000""E";13028;VIEUX PORT;"17, R DES POILUS";13600;CIOTAT;Immeuble;24.0;Particulier
105860;5.855;43.39277777777778;"43°23'34.000""N 5°51'18.000""E";83110;ST-JAUME;RTE DE BRIGNOLES;83170;ROUGIERS;Immeuble;18.0;"Coopérative Agricole, Vinicole"
133633;4.836111111111111;43.408055555555556;"43°24'29.000""N 4°50'10.000""E";13039;PORT AUTONOME;MÔLE GRAVELEAU TERMINAL DES CONTENEURS;13270;FOS SUR MER;Immeuble;24.0;"Copropriété, Syndic, SCI"
141627;5.364444444444445;43.30111111111111;"43°18'4.000""N 5°21'52.000""E";13202;"";1 R MARCHETTI;13002;MARSEILLE 2E ARRONDISSEMENT;Immeuble;28.0;"Copropriété, Syndic, SCI"
142287;5.3597222222222225;43.233333333333334;"43°14'0.000""N 5°21'35.000""E";13208;"";"40, AV DE LA MADRAGUE DE MONTREDON";13008;MARSEILLE 8E ARRONDISSEMENT;Immeuble;19.0;Société HLM
145182;5.381666666666667;43.285;"43°17'6.000""N 5°22'54.000""E";13206;"";55 R EDMOND ROSTAND;13006;MARSEILLE 6E ARRONDISSEMENT;Immeuble;32.0;"Copropriété, Syndic, SCI"
147284;5.351666666666667;43.388333333333335;"43°23'18.000""N 5°21'6.000""E";13106;"";38B CHEM DE LA BEDOULE;13240;SEPTEMES LES VALLONS;Pylône autostable;25.0;TOTEM
207895;5.555555555555555;43.284166666666664;"43°17'3.000""N 5°33'20.000""E";13005;"";TRAVERSE DE LA MUÉE LES LILAS;13400;AUBAGNE;Immeuble;18.0;Particulier
241446;5.366388888888889;43.27583333333333;"43°16'33.000""N 5°21'59.000""E";13207;"";341 CHEM DU ROUCAS BLANC;13007;MARSEILLE 7E ARRONDISSEMENT;Immeuble;14.0;Association
268039;5.0247222222222225;43.41111111111111;"43°24'40.000""N 5°1'29.000""E";13056;"";R DES ORMEAUX;13500;MARTIGUES;Pylône autostable;12.0;TOTEM
273632;5.439722222222223;43.31111111111111;"43°18'40.000""N 5°26'23.000""E";13212;"";1 BD DES FAUVETTES;13012;MARSEILLE 12E ARRONDISSEMENT;Bâtiment;13.0;Particulier
275376;5.37;43.399166666666666;"43°23'57.000""N 5°22'12.000""E";13106;"";"86, AV. DU 8 MAI 1945";13240;SEPTEMES LES VALLONS;Pylône autostable;12.0;TOTEM
285965;5.249444444444444;43.4325;"43°25'57.000""N 5°14'58.000""E";13117;"";2 RUE DE VIENNE ZI LES ESTROUBLANCS;13127;VITROLLES;Immeuble;14.0;"Copropriété, Syndic, SCI"
310295;5.355;43.345555555555556;"43°20'44.000""N 5°21'18.000""E";13215;"";"516, CHEM DE LA MADRAGUE VILLE";13015;MARSEILLE 15E ARRONDISSEMENT;Bâtiment;29.0;Société HLM
429839;5.368611111111111;43.343333333333334;"43°20'36.000""N 5°22'7.000""E";13215;"";30 AV DE BOISBAUDRAN;13015;MARSEILLE 15E ARRONDISSEMENT;Pylône tubulaire;20.0;ORANGE
435078;5.3902777777777775;43.24888888888889;"43°14'56.000""N 5°23'25.000""E";13208;"";122 AV DE HAMBOURG;13008;MARSEILLE 8E ARRONDISSEMENT;Bâtiment;31.0;Société Privée
436503;5.256111111111111;43.409444444444446;"43°24'34.000""N 5°15'22.000""E";13102;LE PAS DES BROQUETTES;CHEMIN DE LA CARRÈRE DÉCHETTERIE;13730;SAINT VICTORET;Pylône autostable;20.5;ATC FRANCE
438142;5.561111111111111;43.21;"43°12'36.000""N 5°33'40.000""E";13022;BAOU DE LA SAOUPE;ROUTE DES CRÊTES;13260;CASSIS;Pylône autostable;30.0;TDF
441146;5.355555555555555;43.21083333333333;"43°12'39.000""N 5°21'20.000""E";13208;CALLELONGUE;ANCIEN SEMAPHORE;13008;MARSEILLE 8E ARRONDISSEMENT;Sémaphore;17.2;"Etat, Ministère"
441257;5.0872222222222225;43.367777777777775;"43°22'4.000""N 5°5'14.000""E";13056;"";233 ROUTE DE SAUSSET COOP VINICOLE;13117;MARTIGUES;Bâtiment;16.0;"Coopérative Agricole, Vinicole"
441285;5.206388888888889;43.35305555555556;"43°21'11.000""N 5°12'23.000""E";13033;LA VIERGE;PASSAGE DE CHANTEGRIVE;13820;ENSUES LA REDONNE;Pylône autostable;45.0;TDF
442061;5.496666666666667;43.294444444444444;"43°17'40.000""N 5°29'48.000""E";13211;"";CH DE LA BUZINE QUARTIER ST MENET;13011;MARSEILLE 11E ARRONDISSEMENT;Bâtiment;26.0;Société Privée
445447;5.633055555555556;43.22388888888889;"43°13'26.000""N 5°37'59.000""E";13023;LES DEVENS EST;CHEM A540;13600;CEYRESTE;Pylône autostable;14.0;TDF
446604;5.101388888888889;43.340833333333336;"43°20'27.000""N 5°6'5.000""E";13104;LE GRAND VALLAT;RÉSERVOIR DU GRAND VALLAT AV DES 3 COMMUNES;13960;SAUSSET LES PINS;Pylône autostable;37.0;HIVORY
450209;5.575277777777778;43.288333333333334;"43°17'18.000""N 5°34'31.000""E";13005;"";AV DE VERDUN INTERSEC AVEC RES LE GAL;13400;AUBAGNE;Immeuble;26.0;Société HLM
450466;5.670277777777778;43.261944444444445;"43°15'43.000""N 5°40'13.000""E";13030;"COL DE L'ANGE";"LE LION D'OR D.1";13780;CUGES LES PINS;Pylône autostable;45.0;TDF
451347;5.458611111111111;43.31805555555555;"43°19'5.000""N 5°27'31.000""E";13212;"";"240-244, AV DES POILUS CLINIQUE CHANTECLER - S.A. AQUAVIVA";13012;MARSEILLE 12E ARRONDISSEMENT;Immeuble;35.0;Société Privée
457404;5.578611111111111;43.22083333333333;"43°13'15.000""N 5°34'43.000""E";13022;LE PAS DE BELLEFILLE;LE BAOU DE REDON PRES D.559 - SENTIER TERRAIN;13260;CASSIS;Mât;4.0;"Commune, communauté de commune"
459122;5.574722222222222;43.35888888888889;"43°21'32.000""N 5°34'29.000""E";13086;GARLABAN;MONT DES MARSEILLAIS;13360;ROQUEVAIRE;Pylône autostable;43.0;TDF
460709;5.918888888888889;43.43472222222222;"43°26'5.000""N 5°55'8.000""E";83140;"";CHEM DE GARRADE DOMAINE STE GENEVIÈVE;83170;TOURVES;Pylône autostable;30.0;ATC FRANCE
460767;4.946944444444444;43.43222222222222;"43°25'56.000""N 4°56'49.000""E";13039;LES SALINS;PL DES ARÈNES PYLONE RTE;13270;FOS SUR MER;Pylône autostable;54.0;RTE
462053;5.664166666666667;43.229166666666664;"43°13'45.000""N 5°39'51.000""E";13023;LE TÉLÉGRAPHE;RD 3 PISTE DFCI AVEC BARRIÈRE PRÈS CHEM CHARRE ET STATION MÉTÉO;13600;CEYRESTE;Pylône autostable;26.0;CELLNEX
466780;5.309722222222222;43.364444444444445;"43°21'52.000""N 5°18'35.000""E";13216;"";152 CHEM DE LA NERTHE SOMETO;13016;MARSEILLE 16E ARRONDISSEMENT;Bâtiment;16.0;"Copropriété, Syndic, SCI"
467766;5.460277777777778;43.305277777777775;"43°18'19.000""N 5°27'37.000""E";13212;"";33 TRAVERSE DE LA MARTINE TRAVERSE DES CAILLOLS;13012;MARSEILLE 12E ARRONDISSEMENT;Pylône tubulaire;20.0;ORANGE
469983;5.8475;43.28333333333333;"43°17'0.000""N 5°50'51.000""E";83127;STE CROIX;PRES DE LA RD 2;83870;SIGNES;Pylône autostable;35.0;TDF
470308;5.645555555555555;43.18888888888889;"43°11'20.000""N 5°38'44.000""E";13028;FONTSTE;RD 559;13600;CIOTAT;Immeuble;14.0;Société Privée
473248;5.578333333333333;43.38916666666667;"43°23'21.000""N 5°34'42.000""E";13073;LE VERT CLOS;CH DES IRIS;13124;PEYPIN;Pylône haubané;21.0;TDF
474512;5.411111111111111;43.235277777777775;"43°14'7.000""N 5°24'40.000""E";13209;"";213 CHEM DE MORGIOU RES BEAUVALLON CTRE;13009;MARSEILLE 9E ARRONDISSEMENT;Immeuble;34.0;"Copropriété, Syndic, SCI"
474559;5.673611111111111;43.36611111111111;"43°21'58.000""N 5°40'25.000""E";13007;LES LAGETS;QUARTIER LES LAGETS RELAIS DE REDIFFUSION TDF;13390;AURIOL;Pylône autostable;43.0;TDF
474611;5.570277777777778;43.25416666666667;"43°15'15.000""N 5°34'13.000""E";13085;BARRE ROCHEUSE;RÉÉMETTEUR TDF DE CARNOUX;13830;ROQUEFORT LA BEDOULE;Pylône autostable;35.0;TDF
474651;5.323611111111111;43.38583333333333;"43°23'9.000""N 5°19'25.000""E";13071;"";"LA TÊTE D'AUGUSTE LA GAVOTTE";13170;PENNES MIRABEAU;Tour hertzienne;64.0;TDF
475629;5.586388888888889;43.26555555555556;"43°15'56.000""N 5°35'11.000""E";13085;"";"ECHANGEUR DE CARNOUX PR 27,3";13830;ROQUEFORT LA BEDOULE;Pylône autostable;15.0;"Sociétés d'Autoroutes"
479301;5.52;43.30305555555555;"43°18'11.000""N 5°31'12.000""E";13211;"";46 R ARNOULD EOURES;13011;MARSEILLE 11E ARRONDISSEMENT;pylône arbre;21.0;ATC FRANCE
481308;5.552222222222222;43.251666666666665;"43°15'6.000""N 5°33'8.000""E";13119;LE MUSSUGUET;AV AUGUSTE INGRES/DE LATTRE DE TASSIGNY OPAC SUD;13470;CARNOUX EN PROVENCE;Immeuble;15.0;Société HLM
482587;5.217222222222222;43.41638888888889;"43°24'59.000""N 5°13'2.000""E";13054;"";"1,R ST EXUPERY RÉSIDENCE ROLAND GARROS";13700;MARIGNANE;Immeuble;32.0;"Copropriété, Syndic, SCI"
484241;5.407222222222222;43.329166666666666;"43°19'45.000""N 5°24'26.000""E";13213;"";R DU PÉRAS HLM  LES OLIVIERS B5;13013;MARSEILLE 13E ARRONDISSEMENT;Immeuble;52.0;Société HLM
485496;5.759166666666666;43.179722222222225;"43°10'47.000""N 5°45'33.000""E";83027;LE HAUT MOUTIN;VEYROLE PYLÔNE TDF DU CASTELLET;83740;CADIERE D AZUR;Pylône autostable;19.0;TDF
491302;5.419444444444444;43.25361111111111;"43°15'13.000""N 5°25'10.000""E";13209;"";21 ALL DES PINS POLY-CLINIQUE CLAIRVAL;13009;MARSEILLE 9E ARRONDISSEMENT;Immeuble;24.0;Société Privée
493324;5.8375;43.16916666666667;"43°10'9.000""N 5°50'15.000""E";83053;LA REYNAUDE;"CHEM DE L'ENCHRESTINE RESERVOIR";83330;EVENOS;Pylône haubané;31.7;ATC FRANCE
495260;5.366666666666666;43.303333333333335;"43°18'12.000""N 5°22'0.000""E";13202;TUNNEL DE LA MAJOR;AV ROBERT SCHUMAN (SOUS) PRES DE LA GARE DE LA JOL;13002;MARSEILLE 2E ARRONDISSEMENT;Tunnel;5.5;"Commune, communauté de commune"
499162;5.364722222222222;43.333888888888886;"43°20'2.000""N 5°21'53.000""E";13215;"";280 R DE LYON;13015;MARSEILLE 15E ARRONDISSEMENT;Immeuble;19.0;"Copropriété, Syndic, SCI"
499548;5.049444444444444;43.42138888888889;"43°25'17.000""N 5°2'58.000""E";13056;LE POLLUX;ALLÉE JEAN COCTEAU;13117;MARTIGUES;Immeuble;35.0;Société HLM
502133;5.386388888888889;43.300555555555555;"43°18'2.000""N 5°23'11.000""E";13201;"";15 COURS JOSEPH THIERRY;13001;MARSEILLE 1ER ARRONDISSEMENT;Bâtiment;38.0;"Copropriété, Syndic, SCI"
502819;5.992222222222222;43.36888888888889;"43°22'8.000""N 5°59'32.000""E";83108;LES HAUTES LOUBES;"";83136;ROQUEBRUSSANNE;Pylône autostable;64.0;TDF
502857;5.9925;43.368611111111115;"43°22'7.000""N 5°59'33.000""E";83108;LES HAUTES LOUBES;"";83136;ROQUEBRUSSANNE;Pylône autostable;22.0;ORANGE Services Fixes
508815;5.795277777777778;43.242777777777775;"43°14'34.000""N 5°47'43.000""E";83035;"";ROUTE DES HAUTS DU CAMP STATION TDF DU BEAUSSET PROCHE RN 8;83330;CASTELLET;Pylône autostable;37.0;TDF
523111;5.599722222222223;43.20777777777778;"43°12'28.000""N 5°35'59.000""E";13028;"";9228 AV DU MISTRAL ZI ATHELIA IV;13600;CIOTAT;Immeuble;13.8;Société Privée
531566;5.213055555555556;43.43;"43°25'48.000""N 5°12'47.000""E";13054;"";"RTE DE LA PLAGE RES. LA ROSE DES VENTS, BAT C9";13700;MARIGNANE;Bâtiment;16.0;"Copropriété, Syndic, SCI"
531796;5.256666666666667;43.43222222222222;"43°25'56.000""N 5°15'24.000""E";13117;"";14 AV DE ROME ZI LES ESTROUBLANS TRANSPORT MAZETTI;13127;VITROLLES;Pylône tubulaire;18.0;TOTEM
536938;5.168333333333333;43.38027777777778;"43°22'49.000""N 5°10'6.000""E";13026;"";R DU GRAND JAS CITE LE GRAND JAS;13220;CHATEAUNEUF LES MARTIGUES;Immeuble;19.0;Société HLM
538703;5.924166666666666;43.184444444444445;"43°11'4.000""N 5°55'27.000""E";83103;LES CRUES;STADE DE LA RIPELLE;83200;REVEST LES EAUX;Mât métallique;12.0;"Commune, communauté de commune"
538989;5.373611111111111;43.31611111111111;"43°18'58.000""N 5°22'25.000""E";13203;ST MAURONT;"83, R FÉLIX PIAT R RENÉ CASSIN";13003;MARSEILLE 3E ARRONDISSEMENT;Bâtiment;50.0;ORANGE Services Fixes
541331;4.7283333333333335;43.41388888888889;"43°24'50.000""N 4°43'42.000""E";13004;SALIN DE GIRAUD;ROND-POINT CHARLES DE GAULLE;13280;ARLES;Pylône autostable;33.0;TOTEM
542205;4.907777777777778;43.43833333333333;"43°26'18.000""N 4°54'28.000""E";13039;LE CAVAOU;USINE SOLLAC;13270;FOS SUR MER;"Château d'eau - réservoir";61.0;Société Privée
553793;5.798611111111111;43.251666666666665;"43°15'6.000""N 5°47'55.000""E";83035;"";3100 RTE DES HAUTS DU CAMPS CIRCUIT AUTOMOBILE DU CASTELLET;83330;CASTELLET;Pylône tubulaire;26.0;TOTEM
555025;5.411944444444444;43.30083333333334;"43°18'3.000""N 5°24'43.000""E";13212;"";46 BD MERLE CITÉ MENTON;13012;MARSEILLE 12E ARRONDISSEMENT;Immeuble;24.0;Société HLM
557673;5.604722222222222;43.34722222222222;"43°20'50.000""N 5°36'17.000""E";13086;LES PLÂTRIÈRES - ST ROCH;D.45 - CHEM DE TERRE STATION TDF DE ROQUEVAIRE 2;13360;ROQUEVAIRE;Pylône autostable;35.0;TDF
558486;5.3758333333333335;43.23638888888889;"43°14'11.000""N 5°22'33.000""E";13208;"";AV. DU CORAIL ECOLE NATIONALE MARINE MARCHANDE;13008;MARSEILLE 8E ARRONDISSEMENT;Immeuble;23.0;"Etat, Ministère"
558850;5.3675;43.35305555555556;"43°21'11.000""N 5°22'3.000""E";13215;LES AYGALADES;28 BD DE LA PADOUANE;13015;MARSEILLE 15E ARRONDISSEMENT;Immeuble;31.0;Société HLM
561665;5.059722222222222;43.34027777777778;"43°20'25.000""N 5°3'35.000""E";13056;LES BASTIDES;ROUTE DES BASTIDES;13117;MARTIGUES;Pylône tubulaire;24.0;TOTEM
565907;4.9927777777777775;43.415277777777774;"43°24'55.000""N 4°59'34.000""E";13077;LE GRAND COLLE;R JULES VALLÈS RTE GET PROVENCE ALPES DU SUD;13110;PORT DE BOUC;Pylône autostable;18.0;RTE
566779;5.789444444444444;43.19583333333333;"43°11'45.000""N 5°47'22.000""E";83035;LES PUECHS;CHEM DE LA SALSEPAREILLE PROCHE D226;83330;CASTELLET;Pylône tubulaire;13.0;TOTEM
567619;5.486944444444444;43.33138888888889;"43°19'53.000""N 5°29'13.000""E";13002;"";AV DE PROVENCE LABORATOIRE LAPHAL;13190;ALLAUCH;Immeuble;14.0;"Copropriété, Syndic, SCI"
571015;5.4094444444444445;43.324444444444445;"43°19'28.000""N 5°24'34.000""E";13213;"";AV. COROT - BÂT. 12-13 - CITÉ BELLEVUE;13013;MARSEILLE 13E ARRONDISSEMENT;Bâtiment;37.0;Société HLM
571303;5.3869444444444445;43.29611111111111;"43°17'46.000""N 5°23'13.000""E";13205;"";1 PL JEAN JAURÈS;13005;MARSEILLE 5E ARRONDISSEMENT;Bâtiment;24.0;Société Privée
571693;5.595833333333333;43.20583333333333;"43°12'21.000""N 5°35'45.000""E";13028;"";AV DU JUJUBIER;13600;CIOTAT;Bâtiment;33.0;Société Privée
572833;5.402777777777778;43.26888888888889;"43°16'8.000""N 5°24'10.000""E";13209;LE MAGRITTE;24-26 BD STE-MARGUERITE BD DE LA PUGETTE;13009;MARSEILLE 9E ARRONDISSEMENT;Immeuble;24.0;"Copropriété, Syndic, SCI"
572868;5.186111111111111;43.37777777777778;"43°22'40.000""N 5°11'10.000""E";13026;LA DAMIANE;D.9;13220;CHATEAUNEUF LES MARTIGUES;Pylône tubulaire;20.0;TOTEM
573950;5.720277777777778;43.38472222222222;"43°23'5.000""N 5°43'13.000""E";83120;LA CASTILLONNE;"QUARTIER DE LA BRISE BASSIN D'ALIMENTATION";83640;SAINT ZACHARIE;Mât;5.0;ORANGE
573957;5.720277777777778;43.38472222222222;"43°23'5.000""N 5°43'13.000""E";83120;LA CASTILLONNE;"QUARTIER DE LA BRISE BASSIN D'ALIMENTATION";83640;SAINT ZACHARIE;Mât;5.0;ORANGE
576926;5.359444444444445;43.28138888888889;"43°16'53.000""N 5°21'34.000""E";13207;"";2 R DES FLOTS BLEUS;13007;MARSEILLE 7E ARRONDISSEMENT;Immeuble;17.5;Société Privée
577554;5.391388888888889;43.269444444444446;"43°16'10.000""N 5°23'29.000""E";13208;ST GINIEZ;1 R LÉON PAULET ENTRÉE N° 19;13008;MARSEILLE 8E ARRONDISSEMENT;Bâtiment;44.0;Société HLM
578166;5.365;43.28777777777778;"43°17'16.000""N 5°21'54.000""E";13207;"";6/12 R DE CANDOLLE CENTRAL TELEPHONIQUE;13007;MARSEILLE 7E ARRONDISSEMENT;Immeuble;27.0;ORANGE Services Fixes
578172;5.383333333333334;43.30638888888889;"43°18'23.000""N 5°23'0.000""E";13203;"";84 BD  NATIONAL;13003;MARSEILLE 3E ARRONDISSEMENT;Bâtiment;31.0;"Copropriété, Syndic, SCI"
579023;5.239166666666667;43.429722222222225;"43°25'47.000""N 5°14'21.000""E";13117;LES ESTROUBLANCS;RUE DE COPENHAGUE/AVENUE DE LONDRES;13127;VITROLLES;Pylône autostable;12.0;TOTEM
579511;5.345833333333333;43.375277777777775;"43°22'31.000""N 5°20'45.000""E";13071;"";94 BD MARIUS BRÉMOND;13170;PENNES MIRABEAU;Immeuble;16.0;Particulier
579970;5.481111111111111;43.298611111111114;"43°17'55.000""N 5°28'52.000""E";13211;"";262/264 RTE DES 3 LUCS;13011;MARSEILLE 11E ARRONDISSEMENT;Pylône tubulaire;12.0;TOTEM
582014;5.970833333333333;43.24861111111111;"43°14'55.000""N 5°58'15.000""E";83077;FORET DOMANIALE DES MORIERES;"L'AVELANIER - LA PLAINE DE JEAN BLANC CROS DE VALBELLE SITE TDF DE LA ROQUEBRUSSANNE";83136;MEOUNES LES MONTRIEUX;Pylône autostable;47.0;TDF
583591;5.333055555555555;43.35916666666667;"43°21'33.000""N 5°19'59.000""E";13216;"";123 R RABELAIS ANNEXE MAIRIE;13016;MARSEILLE 16E ARRONDISSEMENT;Bâtiment;19.0;"Commune, communauté de commune"
588961;5.552777777777778;43.286944444444444;"43°17'13.000""N 5°33'10.000""E";13005;"";AV PIERRE BROSSOLETTE HLM LA TOURELLE;13400;AUBAGNE;Immeuble;44.3;Société HLM
597623;5.567222222222222;43.301944444444445;"43°18'7.000""N 5°34'2.000""E";13005;LE PONT PIN VERT;ALLÉE DU DR LÉGER;13400;AUBAGNE;Pylône autostable;25.0;HIVORY
598626;5.378611111111111;43.33222222222222;"43°19'56.000""N 5°22'43.000""E";13214;LES ARNAVAUX;BD DANIÈLE CASANOVA CITÉ JEAN JAURES;13014;MARSEILLE 14E ARRONDISSEMENT;Immeuble;38.0;Société HLM
601039;5.5633333333333335;43.38777777777778;"43°23'16.000""N 5°33'48.000""E";13073;LE TERME NORD;RÉSERVOIR DE JAS DE VALÈZE;13124;PEYPIN;Pylône autostable;13.0;TOTEM
603807;5.4319444444444445;43.25055555555556;"43°15'2.000""N 5°25'55.000""E";13209;VAUFRÈGES;SUPER ROUVIÈRE RELAIS TDF;13009;MARSEILLE 9E ARRONDISSEMENT;Pylône autostable;46.0;TDF
607142;5.330555555555556;43.42916666666667;"43°25'45.000""N 5°19'50.000""E";13019;"CADET D'ARNAUD";"";13480;CABRIES;Pylône autostable;37.0;SNCF Réseau
610061;5.163333333333333;43.33861111111111;"43°20'19.000""N 5°9'48.000""E";13021;"";AV PAUL LOMBARDI PRÈS RÉSERVOIR;13620;CARRY LE ROUET;Pylône haubané;18.0;TOTEM
610790;5.386388888888889;43.437777777777775;"43°26'16.000""N 5°23'11.000""E";13019;LE COULADOU;RÉSERVOIR DÉPARTEMENTAL 60C;13480;CABRIES;Bâtiment;13.0;ORANGE
610817;5.171388888888889;43.39138888888889;"43°23'29.000""N 5°10'17.000""E";13026;LES TOURELS;GRANDE BASTIDE;13220;CHATEAUNEUF LES MARTIGUES;Pylône autostable;21.0;TOTEM
620366;5.381944444444445;43.300555555555555;"43°18'2.000""N 5°22'55.000""E";13201;"";16 BD DE LA LIBERTÉ;13001;MARSEILLE 1ER ARRONDISSEMENT;Immeuble;32.0;"Copropriété, Syndic, SCI"
621687;5.029722222222222;43.382777777777775;"43°22'58.000""N 5°1'47.000""E";13056;"";VALLON DE GEINE VERTE RÉSERVOIR DE CHASSE MUNICIPAL;13117;MARTIGUES;"Château d'eau - réservoir";18.0;ORANGE Services Fixes
622596;5.5119444444444445;43.297222222222224;"43°17'50.000""N 5°30'43.000""E";13211;"";63 TRAVERSE DE LA PENNE MAISON BLEUE;13011;MARSEILLE 11E ARRONDISSEMENT;Bâtiment;11.0;Particulier
624611;5.590277777777778;43.20444444444445;"43°12'16.000""N 5°35'25.000""E";13028;"";PÉAGE LA CIOTAT A50/PK 35;13600;CIOTAT;Pylône autostable;33.0;"Sociétés d'Autoroutes"
624613;5.608888888888889;43.20583333333333;"43°12'21.000""N 5°36'32.000""E";13028;"";VOIE ANTIOPE ZI ATHELIA IIISOCIETE NOVATECH PRÉS A50;13600;CIOTAT;Pylône autostable;24.0;ATC FRANCE
629242;5.698333333333333;43.18277777777778;"43°10'58.000""N 5°41'54.000""E";83112;"";RTE DES PLAYES CENTRAL TÉLÉPHONIQUE;83270;SAINT CYR SUR MER;Immeuble;18.0;ORANGE Services Fixes
629260;5.6875;43.18;"43°10'48.000""N 5°41'15.000""E";83112;"";AV DU PORT;83270;SAINT CYR SUR MER;Immeuble;16.0;"Copropriété, Syndic, SCI"
629266;5.713333333333333;43.17944444444444;"43°10'46.000""N 5°42'48.000""E";83112;"";90 CHEM JOURDAN LECA TERRAIN DESTOMBES;83270;SAINT CYR SUR MER;Mât;6.0;HIVORY
635026;5.308055555555556;43.27444444444444;"43°16'28.000""N 5°18'29.000""E";13207;ILE DE POMÈGUES;ILES DU FRIOUL SITE TDF;13007;MARSEILLE 7E ARRONDISSEMENT;Pylône autostable;66.0;TDF
637065;5.765;43.39;"43°23'24.000""N 5°45'54.000""E";83087;LA CITERNE;RN.560 STATION TOTAL;83860;NANS LES PINS;Pylône tubulaire;21.0;TOTEM
637880;5.375555555555556;43.34972222222222;"43°20'59.000""N 5°22'32.000""E";13215;"";2 AV DU CASTELLAS HLM LE CASTELLAS ST-JOSEPH;13015;MARSEILLE 15E ARRONDISSEMENT;Immeuble;22.0;Société HLM
640543;5.513333333333334;43.28111111111111;"43°16'52.000""N 5°30'48.000""E";13070;RESTANQUE;CHEM DE LA GRANDE CANDOLLE MONTÉE CHARLES PAYA;13821;PENNE SUR HUVEAUNE;Pylône autostable;26.0;EDF ou GDF
640547;5.5247222222222225;43.280833333333334;"43°16'51.000""N 5°31'29.000""E";13070;"";262 BD VOLTAIRE CENTRAL TÉLÉPHONIQUE;13821;PENNE SUR HUVEAUNE;Bâtiment;28.0;ORANGE
641106;5.346666666666667;43.408055555555556;"43°24'29.000""N 5°20'48.000""E";13106;CASTORS ISABÉLLA;"CHEM DE HAUTE BÉDOULE CHÂTEAU D'EAU";13240;SEPTEMES LES VALLONS;"Château d'eau - réservoir";28.0;"Syndicat des eaux, Adduction"
642932;5.969166666666666;43.34972222222222;"43°20'59.000""N 5°58'9.000""E";83108;LES GRÈS;PRÈS D5 STADE MUNICIPAL;83136;ROQUEBRUSSANNE;pylône arbre;20.0;HIVORY
648065;5.714722222222222;43.33027777777778;"43°19'49.000""N 5°42'53.000""E";83093;"";STE BAUME CSEC;83640;PLAN D AUPS SAINTE BAUME;Pylône autostable;20.0;TOTEM
651134;5.44;43.42916666666667;"43°25'45.000""N 5°26'24.000""E";13107;"";8 ROUTE DE MIMET SERVICE TECHNIQUE MUNICIPAL;13109;SIMIANE COLLONGUE;Pylône tubulaire;25.0;TOTEM
666435;5.361111111111111;43.38472222222222;"43°23'5.000""N 5°21'40.000""E";13215;"";34 AVE DU VALLON DOL HLM PERRIN BOURRELLY;13015;MARSEILLE 15E ARRONDISSEMENT;Immeuble;38.0;Société HLM
666830;5.395833333333333;43.24333333333333;"43°14'36.000""N 5°23'45.000""E";13209;LES COLLINES;"5, AV DE LA FARINIÈRE";13009;MARSEILLE 9E ARRONDISSEMENT;Immeuble;25.0;Société HLM
666868;5.4527777777777775;43.326388888888886;"43°19'35.000""N 5°27'10.000""E";13213;"";9 R EDOUARD MOSSE;13013;MARSEILLE 13E ARRONDISSEMENT;Immeuble;20.6;Association
671227;5.3741666666666665;43.27777777777778;"43°16'40.000""N 5°22'27.000""E";13207;GRATTE SEMELLE;BD PERRIER;13007;MARSEILLE 7E ARRONDISSEMENT;"Château d'eau - réservoir";21.0;"Commune, communauté de commune"
672615;5.445277777777778;43.278333333333336;"43°16'42.000""N 5°26'43.000""E";13211;"";"56, TRAVERSE DES PIONNIERS";13011;MARSEILLE 11E ARRONDISSEMENT;Pylône tubulaire;18.0;TOTEM
674054;5.593055555555556;43.23638888888889;"43°14'11.000""N 5°35'35.000""E";13023;"PAS D'OUILLIER";LES DEVENTS OUEST;13600;CEYRESTE;Pylône autostable;20.0;ORANGE
680250;5.372777777777777;43.30694444444445;"43°18'25.000""N 5°22'22.000""E";13203;"";9-11 R PEYSSONNEL BRIGADE MARINS POMPIERS MARSEILLE;13003;MARSEILLE 3E ARRONDISSEMENT;Bâtiment;51.0;Société Privée
686540;5.372777777777777;43.26777777777778;"43°16'4.000""N 5°22'22.000""E";13208;LA VIGIE;"2,4,6 AV DU COLONEL SEROT";13008;MARSEILLE 8E ARRONDISSEMENT;Immeuble;28.0;"Copropriété, Syndic, SCI"
686936;5.622222222222222;43.246944444444445;"43°14'49.000""N 5°37'20.000""E";13085;BARBANAU;QUARTIER LA CARRAIRE CHATEAU BARBANAU ET LES BASTIDES;13830;ROQUEFORT LA BEDOULE;Pylône tubulaire;15.0;TOTEM
686998;5.019166666666667;43.41222222222222;"43°24'44.000""N 5°1'9.000""E";13056;"";AV GUY MOCQUET/ALLÉE DU MAS DE POUANE BÂT.50;13117;MARTIGUES;Immeuble;29.4;Société HLM
687870;5.4;43.31916666666667;"43°19'9.000""N 5°24'0.000""E";13213;"";5 BD MOULIN GUIEU;13013;MARSEILLE 13E ARRONDISSEMENT;Silo;22.0;"Copropriété, Syndic, SCI"
688294;5.543611111111111;43.30888888888889;"43°18'32.000""N 5°32'37.000""E";13005;LA BASTIDE CLAIRE;"2830 RTE D'EOURES";13400;AUBAGNE;Pylône tubulaire;18.0;HIVORY
690136;5.034722222222222;43.4175;"43°25'3.000""N 5°2'5.000""E";13056;LA RAYETTE;S.H DE MARTIGUES;13117;MARTIGUES;Pylône autostable;40.0;TOTEM
697688;5.176388888888889;43.33638888888889;"43°20'11.000""N 5°10'35.000""E";13021;"";"VALLON DE ROUET VIADUC DE L'AIGLE";13620;CARRY LE ROUET;"Ouvrage d'art (pont, viaduc)";26.0;SNCF Réseau
697782;5.419444444444444;43.3025;"43°18'9.000""N 5°25'10.000""E";13212;"";11 SQ PAUL ARENE;13012;MARSEILLE 12E ARRONDISSEMENT;Immeuble;41.5;Société HLM
699066;5.058055555555556;43.36055555555556;"43°21'38.000""N 5°3'29.000""E";13056;LA GATASSE;D.49 ROUTE DE LA COURONNE;13117;MARTIGUES;Bâtiment;24.0;"Commune, communauté de commune"
703207;5.76;43.369166666666665;"43°22'9.000""N 5°45'36.000""E";83087;LE TARDEAU;CHEM RURAL DIT DE TARDEAU STATION DRN;83860;NANS LES PINS;Pylône autostable;19.0;TOTEM
706045;5.386111111111111;43.312222222222225;"43°18'44.000""N 5°23'10.000""E";13203;"";"9 R D'ORANGE QUARTIER CHUTES LAVIE";13003;MARSEILLE 3E ARRONDISSEMENT;Immeuble;32.0;"Copropriété, Syndic, SCI"
716635;5.365833333333334;43.291666666666664;"43°17'30.000""N 5°21'57.000""E";13207;"";TUNNEL VIEUX PORT DE MARSEILLE STATION SOUTERRAINE;13007;MARSEILLE 7E ARRONDISSEMENT;"Ouvrage de signalisation (portique routier, panneau routier)";6.0;Société Privée
718643;5.621111111111111;43.35388888888889;"43°21'14.000""N 5°37'16.000""E";13007;"";"ECH D'AURIOL A 52 PR 16.556 SENS 2";13390;AURIOL;Pylône autostable;32.0;"Sociétés d'Autoroutes"
730573;5.500555555555556;43.419444444444444;"43°25'10.000""N 5°30'2.000""E";13062;LA SOURCE REYGALET;DEPARTEMENTALE 8 - CSEC;13105;MIMET;pylône arbre;26.0;TOTEM
749839;5.133055555555556;43.33361111111111;"43°20'1.000""N 5°7'59.000""E";13104;"";STATION EPURATION;13960;SAUSSET LES PINS;Pylône autostable;33.5;ATC FRANCE
750870;5.533888888888889;43.403055555555554;"43°24'11.000""N 5°32'2.000""E";13101;PUITS GERMAIN;D.7 - CHEM DU PUITS GERMAIN;13119;SAINT SAVOURNIN;Pylône autostable;14.0;TOTEM
752053;5.37;43.394444444444446;"43°23'40.000""N 5°22'12.000""E";13106;LA VALLÉE DU MAIRE;"";13240;SEPTEMES LES VALLONS;Mât;6.0;TOTEM
752533;5.593611111111111;43.39111111111111;"43°23'28.000""N 5°35'37.000""E";13073;LES MATELOTS EST;"";13124;PEYPIN;Pylône autostable;13.0;TOTEM
756655;5.0536111111111115;43.40222222222222;"43°24'8.000""N 5°3'13.000""E";13056;"";5 BD CAMILLE PELLETAN;13117;MARTIGUES;Immeuble;23.7;"Copropriété, Syndic, SCI"
759406;5.376666666666667;43.2925;"43°17'33.000""N 5°22'36.000""E";13201;"";3-5 R SAINTE CENTRAL TÉLÉPHONIQUE;13001;MARSEILLE 1ER ARRONDISSEMENT;Immeuble;34.0;ORANGE Services Fixes
759414;5.3902777777777775;43.293055555555554;"43°17'35.000""N 5°23'25.000""E";13205;"";79 R ST PIERRE;13005;MARSEILLE 5E ARRONDISSEMENT;Immeuble;35.2;ORANGE Services Fixes
759422;5.364722222222222;43.416666666666664;"43°25'0.000""N 5°21'53.000""E";13071;BONSIGNOUR;ZAC DU PLAN DE CAMPAGNE A 51 TERRAIN PRIM INDUSTRIEL;13170;PENNES MIRABEAU;Pylône autostable;19.0;TOTEM
759432;5.393055555555556;43.33444444444444;"43°20'4.000""N 5°23'35.000""E";13214;"";9 BLD JOURDAN CENTRAL TELEPHONIQUE DE STE MARTHE;13014;MARSEILLE 14E ARRONDISSEMENT;Bâtiment;24.0;ORANGE Services Fixes
759437;5.358055555555556;43.35138888888889;"43°21'5.000""N 5°21'29.000""E";13215;"";239 AVENUE SAINT LOUIS - N.8 CENTRAL FT;13015;MARSEILLE 15E ARRONDISSEMENT;Bâtiment;34.0;ORANGE Services Fixes
759448;5.4191666666666665;43.29138888888889;"43°17'29.000""N 5°25'9.000""E";13212;"";555 R ST PIERRE;13012;MARSEILLE 12E ARRONDISSEMENT;Immeuble;26.0;ORANGE Services Fixes
759450;5.499722222222222;43.28888888888889;"43°17'20.000""N 5°29'59.000""E";13211;"";67 68 AVE ST MENET CENTRAL TELEPHONIQUE ST MENET;13011;MARSEILLE 11E ARRONDISSEMENT;Bâtiment;19.0;ORANGE Services Fixes
759632;5.410277777777778;43.321666666666665;"43°19'18.000""N 5°24'37.000""E";13213;"";9 BD VALETTE CENTRAL TELEPHONIQUE;13013;MARSEILLE 13E ARRONDISSEMENT;Immeuble;35.0;ORANGE Services Fixes
760906;5.1883333333333335;43.36361111111111;"43°21'49.000""N 5°11'18.000""E";13033;CASTELLAS;VALLON DU PAS DE LA FOS VILLAGE WESTERN D9;13820;ENSUES LA REDONNE;Pylône autostable;13.0;TOTEM
760923;5.416666666666667;43.27444444444444;"43°16'28.000""N 5°25'0.000""E";13210;"";211 BD ROMAIN ROLLAND;13010;MARSEILLE 10E ARRONDISSEMENT;Immeuble;38.0;Société HLM
760925;5.3405555555555555;43.43388888888889;"43°26'2.000""N 5°20'26.000""E";13019;LA GUERINE;FERME DE JOSSELET RTE DES PENNES-MIRABEAU;13480;CABRIES;Pylône tubulaire;18.0;TOTEM
760927;5.391944444444444;43.4275;"43°25'39.000""N 5°23'31.000""E";13015;LES CHABAUDS SUD;RUE MARCEL DASSAULT QUARTIER DES CHABAUDS;13320;BOUC BEL AIR;Pylône autostable;14.0;TOTEM
760935;5.256666666666667;43.339166666666664;"43°20'21.000""N 5°15'24.000""E";13088;NIOLON;CHEM DE LA BATTERIE CLUB DES CALANQUAIS;13740;ROVE;Monument religieux;12.0;"Commune, communauté de commune"
760948;5.201666666666666;43.331944444444446;"43°19'55.000""N 5°12'6.000""E";13033;"";"15,AVENUE MARTIN VILLA AURORE";13820;ENSUES LA REDONNE;Immeuble;11.0;Particulier
760956;5.276388888888889;43.35777777777778;"43°21'28.000""N 5°16'35.000""E";13088;"L'ESTABLON";NATIONALE 568 - VALLON DU GIPIER;13740;ROVE;Mât;10.0;"Commune, communauté de commune"
760997;5.3886111111111115;43.25861111111111;"43°15'31.000""N 5°23'19.000""E";13208;"";R CALLELONGUE PARKING STADE J.BOUIN;13008;MARSEILLE 8E ARRONDISSEMENT;Pylône tubulaire;22.0;TOTEM
760999;5.415277777777778;43.27916666666667;"43°16'45.000""N 5°24'55.000""E";13210;"";300 BD DE LA CAPELETTE;13010;MARSEILLE 10E ARRONDISSEMENT;Immeuble;29.0;"Copropriété, Syndic, SCI"
761002;5.646388888888889;43.37027777777778;"43°22'13.000""N 5°38'47.000""E";13007;"";QUARTIER DES ARTAUDS;13390;AURIOL;Pylône tubulaire;26.0;TOTEM
761004;5.369166666666667;43.33722222222222;"43°20'14.000""N 5°22'9.000""E";13215;LES ARNAVAUX;"80, AV DES AYGALADES BD FRÉDÉRIC SAUVAGE IMMEUBLE LA VISITATION BAT K";13015;MARSEILLE 15E ARRONDISSEMENT;Immeuble;21.0;Société HLM
761006;5.393611111111111;43.312777777777775;"43°18'46.000""N 5°23'37.000""E";13204;"";1 B  AV. DES CHUTES LAVIE HLM MÉDITERRANÉE;13004;MARSEILLE 4E ARRONDISSEMENT;Immeuble;38.0;"Copropriété, Syndic, SCI"
761011;5.598888888888888;43.32361111111111;"43°19'25.000""N 5°35'56.000""E";13005;QUARTIER BONNEHERBES;CHEM DE CARNAVAN;13400;AUBAGNE;Pylône tubulaire;12.0;TOTEM
761016;5.239444444444445;43.393055555555556;"43°23'35.000""N 5°14'22.000""E";13043;"";BLD VICTOR HUGO TERRAIN DE SPORTS;13180;GIGNAC LA NERTHE;Pylône tubulaire;25.0;"Commune, communauté de commune"
761018;5.366666666666666;43.305277777777775;"43°18'19.000""N 5°22'0.000""E";13202;"";"2, PL JOLIETTE CENTRAL TÉLÉPHONIQUE";13002;MARSEILLE 2E ARRONDISSEMENT;Bâtiment;38.0;ORANGE Services Fixes
761022;5.436944444444444;43.33;"43°19'48.000""N 5°26'13.000""E";13213;"";ALLÉE DES BOUVREUILS;13013;MARSEILLE 13E ARRONDISSEMENT;Immeuble;21.0;Société HLM
761027;5.4366666666666665;43.29833333333333;"43°17'54.000""N 5°26'12.000""E";13212;"";10/12 ALLÉE DE LA GRANDE BASTIDE GAZAULX;13012;MARSEILLE 12E ARRONDISSEMENT;Immeuble;20.0;Société HLM
761029;5.448611111111111;43.301944444444445;"43°18'7.000""N 5°26'55.000""E";13212;LES CAILLOLS;ADM. : AV. LOUIS MALOSSE RÉSIDENCE LES CAILLOLS;13012;MARSEILLE 12E ARRONDISSEMENT;Immeuble;19.0;Société HLM
761031;5.5775;43.29472222222222;"43°17'41.000""N 5°34'39.000""E";13005;LES PASSONS;CHEM DU CHÂTEAU HLM PASSONS 2;13400;AUBAGNE;Immeuble;19.0;Société HLM
761033;5.416666666666667;43.2625;"43°15'45.000""N 5°25'0.000""E";13209;"";119-121 ANCIEN CHEM DE CASSIS IMM GRAND PRÉ;13009;MARSEILLE 9E ARRONDISSEMENT;Immeuble;19.0;"Copropriété, Syndic, SCI"
761039;4.793611111111111;43.40083333333333;"43°24'3.000""N 4°47'37.000""E";13078;"";R DE LA LIBERTE CENTRAL TELEPHONIQUE;13230;PORT SAINT LOUIS DU RHONE;Pylône autostable;31.0;TOTEM
761051;5.401111111111111;43.24888888888889;"43°14'56.000""N 5°24'4.000""E";13209;"";RUE LOUIS CONTE TREILLER;13009;MARSEILLE 9E ARRONDISSEMENT;Bâtiment;26.0;ORANGE Services Fixes
761056;5.400277777777778;43.30222222222222;"43°18'8.000""N 5°24'1.000""E";13204;"";"23,R FONDERE";13004;MARSEILLE 4E ARRONDISSEMENT;Immeuble;30.0;ORANGE Services Fixes
761067;5.349722222222222;43.280833333333334;"43°16'51.000""N 5°20'59.000""E";13207;"";R DE LA BATTERIE DES LIONS;13007;MARSEILLE 7E ARRONDISSEMENT;Immeuble;22.0;"Etat, Ministère"
761083;5.295277777777778;43.408055555555556;"43°24'29.000""N 5°17'43.000""E";13071;LES JONQUIERS;N.368;13170;PENNES MIRABEAU;Pylône autostable;22.0;TOTEM
761088;5.385;43.280833333333334;"43°16'51.000""N 5°23'6.000""E";13208;"";"12, R FARGES";13008;MARSEILLE 8E ARRONDISSEMENT;Immeuble;35.0;"Copropriété, Syndic, SCI"
761096;5.397222222222222;43.27194444444444;"43°16'19.000""N 5°23'50.000""E";13208;"";2 BD RABATAU PARC DES EXPOSITION - HALL 6;13008;MARSEILLE 8E ARRONDISSEMENT;Bâtiment;29.0;Société Privée
761103;5.406666666666666;43.31305555555556;"43°18'47.000""N 5°24'24.000""E";13204;"";"R D'ALBE";13004;MARSEILLE 4E ARRONDISSEMENT;Immeuble;27.0;Société HLM
761105;5.375277777777778;43.28611111111111;"43°17'10.000""N 5°22'31.000""E";13206;"";26 R MONTEVIDEO;13006;MARSEILLE 6E ARRONDISSEMENT;Immeuble;28.0;"Copropriété, Syndic, SCI"
761113;5.633055555555556;43.29472222222222;"43°17'41.000""N 5°37'59.000""E";13042;"";MONTEE DU RESERVOIR DE SIGARASSE;13420;GEMENOS;Pylône autostable;26.4;"Commune, communauté de commune"
761116;5.3775;43.29638888888889;"43°17'47.000""N 5°22'39.000""E";13201;"";"41, LA CANEBIÈRE IMM LE GÉNÉRALI COURS BELSUNCE";13001;MARSEILLE 1ER ARRONDISSEMENT;Immeuble;42.0;"Copropriété, Syndic, SCI"
761118;5.369722222222222;43.29055555555556;"43°17'26.000""N 5°22'11.000""E";13207;"";56 BD DE LA CORDERIE;13007;MARSEILLE 7E ARRONDISSEMENT;Immeuble;34.0;"Copropriété, Syndic, SCI"
761122;5.387777777777778;43.28055555555556;"43°16'50.000""N 5°23'16.000""E";13208;"";6 ALL TURCAT MERY;13008;MARSEILLE 8E ARRONDISSEMENT;Immeuble;33.0;"Copropriété, Syndic, SCI"
761394;5.586111111111111;43.312222222222225;"43°18'44.000""N 5°35'10.000""E";13005;"";QUARTIER BEAUDINARD;13400;AUBAGNE;Pylône autostable;15.0;TOTEM
761396;5.403611111111111;43.29805555555556;"43°17'53.000""N 5°24'13.000""E";13204;"";59-63-65 AV DU MARÉCHAL FOCH;13004;MARSEILLE 4E ARRONDISSEMENT;Immeuble;38.4;"Copropriété, Syndic, SCI"
761414;5.374444444444444;43.290277777777774;"43°17'25.000""N 5°22'28.000""E";13206;"";26-28 COURS PIERRE PUGET;13006;MARSEILLE 6E ARRONDISSEMENT;Immeuble;31.0;"Copropriété, Syndic, SCI"
761418;5.409722222222222;43.215555555555554;"43°12'56.000""N 5°24'35.000""E";13209;"";CHEM DE SORMIOU;13009;MARSEILLE 9E ARRONDISSEMENT;Mât;8.0;TOTEM
761420;5.449166666666667;43.29333333333334;"43°17'36.000""N 5°26'57.000""E";13211;"";AV BERNARD LECACHE;13011;MARSEILLE 11E ARRONDISSEMENT;Immeuble;42.0;"Copropriété, Syndic, SCI"
761428;5.414722222222222;43.35111111111111;"43°21'4.000""N 5°24'53.000""E";13213;LA BATARELLE;CHEM DE PARTY HLM LA BASSE BATARELLE;13013;MARSEILLE 13E ARRONDISSEMENT;Immeuble;20.0;Société HLM
761432;5.198055555555555;43.39416666666666;"43°23'39.000""N 5°11'53.000""E";13054;RAPHELLE;ZAC N°568 BEAUSSET FLORIDES;13700;MARIGNANE;Immeuble;13.0;Particulier
761434;5.393611111111111;43.28777777777778;"43°17'16.000""N 5°23'37.000""E";13205;"";"57,59 R STE CÉCILE";13005;MARSEILLE 5E ARRONDISSEMENT;Immeuble;28.0;"Copropriété, Syndic, SCI"
761436;5.589444444444444;43.29138888888889;"43°17'29.000""N 5°35'22.000""E";13005;"";QUARTIER LES BONNES NOUVELLES - Z.I LES PALUDS;13400;AUBAGNE;Pylône autostable;14.0;TOTEM
761440;5.419722222222222;43.326388888888886;"43°19'35.000""N 5°25'11.000""E";13213;"";"67, AV DE LA ROSE PARC DES ROSES";13013;MARSEILLE 13E ARRONDISSEMENT;Immeuble;36.0;"Copropriété, Syndic, SCI"
761442;5.267777777777778;43.42138888888889;"43°25'17.000""N 5°16'4.000""E";13117;"";"130 AVENUE DE L'EUROPE SCI LE CRISTAL ZAC DE L ANJOLY";13127;VITROLLES;Immeuble;14.0;"Copropriété, Syndic, SCI"
761446;5.580277777777778;43.28388888888889;"43°17'2.000""N 5°34'49.000""E";13005;"";CHEM DU QUARTIER DE VAUX INTERSEC A50 ET A52;13400;AUBAGNE;Pylône autostable;23.0;BOUYGUES
761448;5.453888888888889;43.285555555555554;"43°17'8.000""N 5°27'14.000""E";13211;"";AV. JACQUES BONFORT;13011;MARSEILLE 11E ARRONDISSEMENT;Immeuble;29.0;Société HLM
761450;5.380277777777778;43.28777777777778;"43°17'16.000""N 5°22'49.000""E";13206;"";32 R EDMOND ROSTAND;13006;MARSEILLE 6E ARRONDISSEMENT;Immeuble;24.0;Société Privée
761453;5.358888888888889;43.32833333333333;"43°19'42.000""N 5°21'32.000""E";13202;"";"173, CHEM DE MADRAGUE VILLE";13002;MARSEILLE 2E ARRONDISSEMENT;Immeuble;18.0;"Copropriété, Syndic, SCI"
761457;5.6225000000000005;43.27972222222222;"43°16'47.000""N 5°37'21.000""E";13042;Z.A PLAINE DE JOUQUES;"1161, CHEM DE LA STE BAUME KEY WEST";13420;GEMENOS;Pylône autostable;23.0;Particulier
761462;5.46;43.3475;"43°20'51.000""N 5°27'36.000""E";13075;"";"BD ANDRÉ MALRAUX RÉSIDENCE L'ESTELLE - LES EGLANTIERS";13380;PLAN DE CUQUES;Immeuble;20.0;Société HLM
761466;5.563611111111111;43.290277777777774;"43°17'25.000""N 5°33'49.000""E";13005;LE PETIT CANEDEL;CHEM DU PETIT CANEDEL;13400;AUBAGNE;Immeuble;30.0;Société HLM
761473;5.378611111111111;43.305277777777775;"43°18'19.000""N 5°22'43.000""E";13203;"";3 PL VICTOR HUGO FAC ST CHARLES;13003;MARSEILLE 3E ARRONDISSEMENT;Immeuble;17.0;"Etat, Ministère"
761480;5.351111111111111;43.36222222222222;"43°21'44.000""N 5°21'4.000""E";13215;"";AV. DE LA VISTE CTRE CIAL GRAND LITTORAL;13015;MARSEILLE 15E ARRONDISSEMENT;Bâtiment;19.0;Société Privée
762063;5.39;43.32361111111111;"43°19'25.000""N 5°23'24.000""E";13214;"";100 CHEM DE STE-MARTHE BD CHARLES MORETTI PROLONGÉ;13014;MARSEILLE 14E ARRONDISSEMENT;Immeuble;31.0;"Copropriété, Syndic, SCI"
762071;5.2225;43.408611111111114;"43°24'31.000""N 5°13'21.000""E";13054;LE CARESTIER;"AV. DES COMBATTANTS D'AFRIQUE DU NORD CITÉ LA CHAUME";13700;MARIGNANE;Immeuble;22.0;Société HLM
762073;5.325833333333334;43.413333333333334;"43°24'48.000""N 5°19'33.000""E";13071;ESPLANADE DU SOLEIL;3 R J. MERMOZ LA TUILIÈRE;13170;PENNES MIRABEAU;Pylône autostable;13.0;ORANGE
762077;5.429722222222222;43.30694444444445;"43°18'25.000""N 5°25'47.000""E";13212;"";42 AV DU 24 AVRIL 1915 RÉSIDENCE LES LIERRES-ENTRÉE 6 À 9 OPAC SUD;13012;MARSEILLE 12E ARRONDISSEMENT;Immeuble;20.0;Société HLM
762079;5.469722222222222;43.429722222222225;"43°25'47.000""N 5°28'11.000""E";13062;PUITS GÉRARD;ZI BIVER;13105;MIMET;Immeuble;15.0;Société Privée
762081;5.3825;43.31916666666667;"43°19'9.000""N 5°22'57.000""E";13214;"";12 R DE LA CARRIÈRE;13014;MARSEILLE 14E ARRONDISSEMENT;Immeuble;18.0;"Copropriété, Syndic, SCI"
762083;5.383611111111111;43.29277777777778;"43°17'34.000""N 5°23'1.000""E";13206;"";"5, BD THÉODORE THURNER COURS JULIEN";13006;MARSEILLE 6E ARRONDISSEMENT;Immeuble;28.0;"Copropriété, Syndic, SCI"
762085;5.405555555555556;43.28;"43°16'48.000""N 5°24'20.000""E";13210;"";6 BD ST JEAN HAUTS DE ST JEAN;13010;MARSEILLE 10E ARRONDISSEMENT;Immeuble;28.0;"Copropriété, Syndic, SCI"
762089;5.365277777777778;43.23916666666667;"43°14'21.000""N 5°21'55.000""E";13208;"";150 AV MONTREDON;13008;MARSEILLE 8E ARRONDISSEMENT;Immeuble;21.0;Société HLM
762095;5.411666666666667;43.33583333333333;"43°20'9.000""N 5°24'42.000""E";13213;"";AVE ESCADRILLE NORMANDIE/NIEMEN FAC SCIENCES & TECHNIQUES;13013;MARSEILLE 13E ARRONDISSEMENT;Immeuble;32.0;"Etat, Ministère"
762101;5.729722222222222;43.26888888888889;"43°16'8.000""N 5°43'47.000""E";13030;LA MESSUGUIERE;"PARC D'ATTRACTIONS - RN 8";13780;CUGES LES PINS;Pylône autostable;28.0;ATC FRANCE
762103;5.4158333333333335;43.33027777777778;"43°19'49.000""N 5°24'57.000""E";13213;ST JEROME;"19, R DES POLYTRES";13013;MARSEILLE 13E ARRONDISSEMENT;Immeuble;17.0;"Copropriété, Syndic, SCI"
762105;5.624444444444444;43.19;"43°11'24.000""N 5°37'28.000""E";13028;LE CLOS DES PLAGES;28 AV THÉODORE AUBANEL - VILLA ALIDADE;13600;CIOTAT;Immeuble;16.0;"Copropriété, Syndic, SCI"
762116;5.429722222222222;43.26972222222222;"43°16'11.000""N 5°25'47.000""E";13210;"";4 ALLÉE DE ST CYR RESIDENCE VAL DES PINS;13010;MARSEILLE 10E ARRONDISSEMENT;Immeuble;18.0;"Copropriété, Syndic, SCI"
762139;5.1194444444444445;43.397222222222226;"43°23'50.000""N 5°7'10.000""E";13026;"";R JEAN PEYROT GASTON CUNY;13220;CHATEAUNEUF LES MARTIGUES;"Château d'eau - réservoir";25.0;"Commune, communauté de commune"
762207;5.591388888888889;43.251666666666665;"43°15'6.000""N 5°35'29.000""E";13085;"";BD THÉODORE AUBANEL FONDATION MAISON DE LA GENDARMERIE VILLAGE VACANCES;13830;ROQUEFORT LA BEDOULE;Pylône autostable;21.0;Gendarmerie
762616;4.985833333333334;43.41833333333334;"43°25'6.000""N 4°59'9.000""E";13077;"";BD DE LA MÉRINDOLE ZI LA GRAND-COLLE;13110;PORT DE BOUC;Pylône autostable;12.0;TOTEM
762622;5.285555555555556;43.41777777777778;"43°25'4.000""N 5°17'8.000""E";13071;"";"7 R EMILE ZOLA ZAC DE L'AGAVON";13170;PENNES MIRABEAU;Pylône autostable;16.5;"Copropriété, Syndic, SCI"
762624;5.224722222222222;43.418055555555554;"43°25'5.000""N 5°13'29.000""E";13054;"";CHEM DU COUVENT BT M18/20;13700;MARIGNANE;Immeuble;20.0;"Copropriété, Syndic, SCI"
762626;5.4825;43.353611111111114;"43°21'13.000""N 5°28'57.000""E";13002;"";10 CHEM DE LA SURE LE LOGIS NEUF;13190;ALLAUCH;Immeuble;14.0;Particulier
762630;4.8125;43.39388888888889;"43°23'38.000""N 4°48'45.000""E";13078;CARREFOUR GARROUYAS;AV MAX DORMOY ZA DU MALEBARGE;13230;PORT SAINT LOUIS DU RHONE;Pylône autostable;31.0;TOTEM
762632;5.201944444444444;43.416666666666664;"43°25'0.000""N 5°12'7.000""E";13054;FONTINELLES;R PIERRE RENÉ MAYAN PARC DES SPORTS DU BOLMON;13700;MARIGNANE;Pylône tubulaire;25.0;HIVORY
762634;5.3805555555555555;43.3025;"43°18'9.000""N 5°22'50.000""E";13201;"";GARE ST CHARLES ESPLANADES;13001;MARSEILLE 1ER ARRONDISSEMENT;Bâtiment;30.0;SNCF Réseau
762638;4.979166666666667;43.4225;"43°25'21.000""N 4°58'45.000""E";13077;ZI LA GRANDE COLLE;BLD DE LA MÉRINDOLE AV DES PINS;13110;PORT DE BOUC;Pylône autostable;24.0;TOTEM
762642;5.341944444444445;43.367777777777775;"43°22'4.000""N 5°20'31.000""E";13215;"";ALLÉE DE LA JOUGARELLE CITÉ LA CASTELLANE - BÂTIMENT A;13015;MARSEILLE 15E ARRONDISSEMENT;Immeuble;31.0;Société HLM
762644;5.384166666666666;43.28722222222222;"43°17'14.000""N 5°23'3.000""E";13206;"";2 R COMMANDANT IMHAUS;13006;MARSEILLE 6E ARRONDISSEMENT;Immeuble;36.0;"Copropriété, Syndic, SCI"
762648;5.385555555555555;43.269444444444446;"43°16'10.000""N 5°23'8.000""E";13208;"";393 AV DU PRADO;13008;MARSEILLE 8E ARRONDISSEMENT;Immeuble;36.0;"Copropriété, Syndic, SCI"
762650;5.4494444444444445;43.333888888888886;"43°20'2.000""N 5°26'58.000""E";13213;LA CROIX ROUGE;10 GRAND RUE/LA CROIX ROUGE;13013;MARSEILLE 13E ARRONDISSEMENT;Immeuble;20.0;Particulier
762654;5.0569444444444445;43.395;"43°23'42.000""N 5°3'25.000""E";13056;"";R GUSTAVE EIFFEL RÉS BOUDÈME;13117;MARTIGUES;Immeuble;31.0;Société HLM
762658;5.36;43.286944444444444;"43°17'13.000""N 5°21'36.000""E";13207;"";"79, R SAUVEUR TOBELEM";13007;MARSEILLE 7E ARRONDISSEMENT;Immeuble;25.0;"Copropriété, Syndic, SCI"
762660;5.455;43.29361111111111;"43°17'37.000""N 5°27'18.000""E";13211;"";BD DE LA POMME;13011;MARSEILLE 11E ARRONDISSEMENT;Immeuble;21.0;ORANGE Services Fixes
762664;5.235555555555556;43.41972222222222;"43°25'11.000""N 5°14'8.000""E";13102;"";170 BD ABBADIE;13730;SAINT VICTORET;Bâtiment;13.0;"Copropriété, Syndic, SCI"
762666;5.393888888888889;43.27166666666667;"43°16'18.000""N 5°23'38.000""E";13208;"";BD MICHELET ROND-POINT DU PRADO PALAIS DES CONGRÈS;13008;MARSEILLE 8E ARRONDISSEMENT;Immeuble;14.0;Société Privée
762668;5.399444444444445;43.29972222222222;"43°17'59.000""N 5°23'58.000""E";13204;MONTE CRISTO;22 R DES ORGUES;13004;MARSEILLE 4E ARRONDISSEMENT;Immeuble;35.0;"Copropriété, Syndic, SCI"
762670;5.388333333333334;43.28611111111111;"43°17'10.000""N 5°23'18.000""E";13206;"";44 COURS GOUFFÉ MAISON DES ARMÉNIENS;13006;MARSEILLE 6E ARRONDISSEMENT;Immeuble;11.0;Association
762680;5.3725;43.32;"43°19'12.000""N 5°22'21.000""E";13203;"";BD FERDINAND DE LESSEPS;13003;MARSEILLE 3E ARRONDISSEMENT;Immeuble;38.0;"Copropriété, Syndic, SCI"
762682;5.381666666666667;43.29527777777778;"43°17'43.000""N 5°22'54.000""E";13201;"";12 COURS LIEUTAUD;13001;MARSEILLE 1ER ARRONDISSEMENT;Immeuble;21.0;"Copropriété, Syndic, SCI"
762684;5.473055555555556;43.30305555555555;"43°18'11.000""N 5°28'23.000""E";13212;"";118 AV DES PEINTRES ROUX RESTAURANT CROCODILE;13012;MARSEILLE 12E ARRONDISSEMENT;Immeuble;14.0;"Copropriété, Syndic, SCI"
762693;5.5408333333333335;43.28333333333333;"43°17'0.000""N 5°32'27.000""E";13005;LE CHARREL;N.8 - RN DE PARIS RÉSIDENCE ENSOLEIADO;13400;AUBAGNE;Immeuble;25.0;ORANGE
762703;5.390833333333333;43.30388888888889;"43°18'14.000""N 5°23'27.000""E";13201;"";52 R DU COMMANDANT MAGES;13001;MARSEILLE 1ER ARRONDISSEMENT;Immeuble;27.0;"Copropriété, Syndic, SCI"
762705;5.208888888888889;43.41222222222222;"43°24'44.000""N 5°12'32.000""E";13054;"";CHEM ST PIERRE;13700;MARIGNANE;Immeuble;25.0;ORANGE Services Fixes
762708;5.376944444444445;43.32805555555556;"43°19'41.000""N 5°22'37.000""E";13214;"";23-25 R LÉO LAGRANGE;13014;MARSEILLE 14E ARRONDISSEMENT;Immeuble;28.0;"Copropriété, Syndic, SCI"
762868;5.3775;43.30277777777778;"43°18'10.000""N 5°22'39.000""E";13203;"";25 BD CHARLES NEDELEC;13003;MARSEILLE 3E ARRONDISSEMENT;Immeuble;32.0;ORANGE Services Fixes
762876;5.441666666666666;43.30555555555556;"43°18'20.000""N 5°26'30.000""E";13212;"";39 TRAVERSE DE COURTRAI AGENCE PROFESSIONNELLE;13012;MARSEILLE 12E ARRONDISSEMENT;Pylône autostable;30.5;TOTEM
762896;5.318333333333333;43.36222222222222;"43°21'44.000""N 5°19'6.000""E";13216;"";2 ALLÉE SACOMAN CARRÉ SAUMATY;13016;MARSEILLE 16E ARRONDISSEMENT;Bâtiment;18.0;Particulier
762909;5.346666666666667;43.35333333333333;"43°21'12.000""N 5°20'48.000""E";13216;"";90 CHEM DU RUISSEAU MIRABEAU ACTISUD;13016;MARSEILLE 16E ARRONDISSEMENT;Immeuble;45.2;Société Privée
762911;5.441666666666666;43.21388888888889;"43°12'50.000""N 5°26'30.000""E";13209;"";43 CALANQUE DE MORGIOU;13009;MARSEILLE 9E ARRONDISSEMENT;Mât;6.0;TOTEM
763437;5.615555555555556;43.184444444444445;"43°11'4.000""N 5°36'56.000""E";13028;LE CLOS DES PLAGES;AV EMILE RIPERT STADE MUNICIPAL BOUISSOU;13600;CIOTAT;Pylône tubulaire;32.0;"Commune, communauté de commune"
763466;5.382777777777778;43.291666666666664;"43°17'30.000""N 5°22'58.000""E";13206;"";92 COURS LIEUTAUD;13006;MARSEILLE 6E ARRONDISSEMENT;Immeuble;18.0;"Copropriété, Syndic, SCI"
763471;5.003055555555555;43.413333333333334;"43°24'48.000""N 5°0'11.000""E";13077;"";CHEM ST JEAN CCAL CARREFOUR;13110;PORT DE BOUC;Pylône tubulaire;20.0;TOTEM
763475;5.439444444444445;43.35138888888889;"43°21'5.000""N 5°26'22.000""E";13213;"";29 R CENTRALE;13013;MARSEILLE 13E ARRONDISSEMENT;Immeuble;14.0;Particulier
763485;5.474444444444444;43.2925;"43°17'33.000""N 5°28'28.000""E";13211;"";20 TRAVERSE DE LA MONTRE;13011;MARSEILLE 11E ARRONDISSEMENT;Bâtiment;19.0;"Copropriété, Syndic, SCI"
763489;5.530833333333334;43.275555555555556;"43°16'32.000""N 5°31'51.000""E";13005;"";7 ALL DES LILAS CLINIQUE CASAMANCE;13400;AUBAGNE;Bâtiment;25.0;Etablissement de soins
763495;5.433888888888889;43.29333333333334;"43°17'36.000""N 5°26'2.000""E";13211;"";BD BERTHIER RÉSIDENCE LA GROGNARDE;13011;MARSEILLE 11E ARRONDISSEMENT;Immeuble;24.0;"Copropriété, Syndic, SCI"
763497;5.371666666666667;43.28333333333333;"43°17'0.000""N 5°22'18.000""E";13206;MONTÉE DE LA BONNE MÈRE;NOTRE DAME DE LA GARDE;13006;MARSEILLE 6E ARRONDISSEMENT;Pylône tubulaire;7.5;TOTEM
763501;5.376388888888889;43.2625;"43°15'45.000""N 5°22'35.000""E";13208;"";579 AV DU PRADO TRAVERSE OLYMPIQUE;13008;MARSEILLE 8E ARRONDISSEMENT;Bâtiment;14.0;Société Privée
763515;5.513333333333334;43.25083333333333;"43°15'3.000""N 5°30'48.000""E";13209;"";CAMP MILITAIRE DE CARPIAGNE QUARTIER MARÉCHAL DES LOGIS KECK 1ER ET 11ÈME RÉGIMENTS DES CUIRASSIERS;13009;MARSEILLE 9E ARRONDISSEMENT;Bâtiment;14.6;Autres
763519;5.408611111111111;43.24388888888889;"43°14'38.000""N 5°24'31.000""E";13209;"";52 R HENRI TOMASI RÉSIDENCE ROCHEBELLE;13009;MARSEILLE 9E ARRONDISSEMENT;Bâtiment;15.0;Société HLM
763532;5.609444444444445;43.18055555555556;"43°10'50.000""N 5°36'34.000""E";13028;"";BD  LAMARTINE MAISON DE RETRAITE LE RAYON DU SOLEIL;13600;CIOTAT;Bâtiment;17.0;Etablissement de soins
763542;5.148611111111111;43.388888888888886;"43°23'20.000""N 5°8'55.000""E";13026;"";R DU CHÂTEAU LAUGIER ZI LA VALAMPE CUISINE CENTRALE;13220;CHATEAUNEUF LES MARTIGUES;Pylône autostable;27.0;ATC FRANCE
763544;5.241666666666666;43.365833333333335;"43°21'57.000""N 5°14'30.000""E";13088;LE DOUARD;PRÈS N.568;13740;ROVE;Pylône tubulaire;12.0;TOTEM
763573;5.410555555555556;43.304722222222225;"43°18'17.000""N 5°24'38.000""E";13212;"";24 R FRANÇOIS SCARAMELLI RÉS LE FLORENCE;13012;MARSEILLE 12E ARRONDISSEMENT;Bâtiment;16.1;"Copropriété, Syndic, SCI"
763590;5.2675;43.39083333333333;"43°23'27.000""N 5°16'3.000""E";13088;LA CLOCHE;PRÉS A55;13740;ROVE;Pylône autostable;27.0;RTE
763599;5.539166666666667;43.21361111111111;"43°12'49.000""N 5°32'21.000""E";13022;"";PL GEORGES CLÉMENCEAU R ALEXANDRE ROSSAT HÔTEL CASSITEL;13260;CASSIS;Immeuble;13.0;"Copropriété, Syndic, SCI"
763605;5.6305555555555555;43.20027777777778;"43°12'1.000""N 5°37'50.000""E";13028;LE PAREYRAOU;AV. BEL AIR MAISON DE RETRAITE LOU CIGALOU;13600;CIOTAT;Bâtiment;22.0;Etablissement de soins
763607;5.408888888888889;43.29527777777778;"43°17'43.000""N 5°24'32.000""E";13205;"";135 CHEM DE ST JEAN DU DÉSERT;13005;MARSEILLE 5E ARRONDISSEMENT;Immeuble;38.5;Société HLM
763612;5.372222222222222;43.31333333333333;"43°18'48.000""N 5°22'20.000""E";13203;LA VILLETTE;TRAVERSE DU MOULIN DE LA VILLETTE RÉSIDENCE FONSCOLOMBE;13003;MARSEILLE 3E ARRONDISSEMENT;Immeuble;25.0;Société HLM
763627;5.401388888888889;43.26083333333333;"43°15'39.000""N 5°24'5.000""E";13209;"";38 R AVIATEUR LE BRIX BÂT LE TRIOULET;13009;MARSEILLE 9E ARRONDISSEMENT;Bâtiment;44.0;Société HLM
763630;5.398333333333333;43.29555555555555;"43°17'44.000""N 5°23'54.000""E";13205;"";208 BD CHAVE HOP DU CAMAS;13005;MARSEILLE 5E ARRONDISSEMENT;Bâtiment;30.0;Association
763635;5.37;43.29638888888889;"43°17'47.000""N 5°22'12.000""E";13202;"";R DE LA LOGE MAIRIE;13002;MARSEILLE 2E ARRONDISSEMENT;Bâtiment;24.0;"Commune, communauté de commune"
766801;5.41;43.355555555555554;"43°21'20.000""N 5°24'36.000""E";13214;"";R MISSIRRI;13014;MARSEILLE 14E ARRONDISSEMENT;Pylône tubulaire;12.0;TOTEM
767386;5.921944444444445;43.404444444444444;"43°24'16.000""N 5°55'19.000""E";83140;NOTRE DAME DE LA CHAPELLE;CHEM COMMUNAL NOTRE DAME;83170;TOURVES;Monument religieux;18.0;"Commune, communauté de commune"
768812;5.255277777777778;43.42722222222222;"43°25'38.000""N 5°15'19.000""E";13117;"";ZI LES ESTROUBLANS - N°9 - 5ÈME RUE FRANCE TÉLÉCOM;13127;VITROLLES;Pylône autostable;12.0;TOTEM
793223;5.52;43.309444444444445;"43°18'34.000""N 5°31'12.000""E";13211;LES CHÊNES;IMP DES CHÊNES FOYER LES CHÊNES PYLÔNE SFR;13011;MARSEILLE 11E ARRONDISSEMENT;Pylône tubulaire;12.0;HIVORY
804644;5.614722222222222;43.19083333333333;"43°11'27.000""N 5°36'53.000""E";13028;LA PLAINE;AVENUE DE LA MÉDITERRANÉE;13600;CIOTAT;Bâtiment;18.0;ORANGE Services Fixes
817158;5.841666666666667;43.42333333333333;"43°25'24.000""N 5°50'30.000""E";83116;LA VILLONE;ROUTE DE MARSEILLE RN 560;83470;SAINT MAXIMIN LA SAINTE BAUME;Pylône autostable;12.0;TOTEM
818229;5.916111111111111;43.172222222222224;"43°10'20.000""N 5°54'58.000""E";83103;LA SALVATTE;QUARTIER MALVALLON CHEM NOTRE DAME;83200;REVEST LES EAUX;Pylône tubulaire;13.0;ORANGE
818233;5.763888888888889;43.20305555555556;"43°12'11.000""N 5°45'50.000""E";83035;LA PINEDE;"";83330;CASTELLET;Pylône tubulaire;12.0;TOTEM
818704;5.798333333333334;43.19277777777778;"43°11'34.000""N 5°47'54.000""E";83016;"";858 CHEM DE ROUVE MAS PAGNI;83330;BEAUSSET;pylône arbre;6.5;TOTEM
825344;5.332777777777777;43.36555555555555;"43°21'56.000""N 5°19'58.000""E";13216;"";AUTOROUTE DU LITTORAL  - A55 AIRE DE REPOS ST HENRI;13016;MARSEILLE 16E ARRONDISSEMENT;Pylône tubulaire;14.0;HIVORY
827588;5.26;43.43527777777778;"43°26'7.000""N 5°15'36.000""E";13117;"";50 AV DENIS PADOVANI;13127;VITROLLES;Immeuble;22.0;Société Privée
827632;5.368888888888889;43.39472222222222;"43°23'41.000""N 5°22'8.000""E";13106;"";CHEM DU VALLON DU MAIRE CHEMÉE;13240;SEPTEMES LES VALLONS;Bâtiment;45.0;"Commune, communauté de commune"
827656;5.476388888888889;43.35138888888889;"43°21'5.000""N 5°28'35.000""E";13075;"";"1 R DE L'HERMITAGE";13380;PLAN DE CUQUES;Pylône tubulaire;13.0;TOTEM
834327;5.352222222222222;43.37138888888889;"43°22'17.000""N 5°21'8.000""E";13215;"";21 CHEM DES TUILERIES;13015;MARSEILLE 15E ARRONDISSEMENT;Pylône tubulaire;21.0;TOTEM
835432;5.570555555555556;43.28277777777778;"43°16'58.000""N 5°34'14.000""E";13005;"L'AGRIÉ";IMP DU TUNNEL 850 CHEM DES ESPILLIÈRES;13400;AUBAGNE;Pylône tubulaire;12.0;TOTEM
882670;5.738611111111111;43.259166666666665;"43°15'33.000""N 5°44'19.000""E";83035;LES PLAINES;RÉSERVOIR DU CAMP;83330;CASTELLET;Pylône autostable;18.0;TOTEM
893632;5.338055555555556;43.373333333333335;"43°22'24.000""N 5°20'17.000""E";13215;"";39 IMP DU PLATEAU;13015;MARSEILLE 15E ARRONDISSEMENT;pylône arbre;6.0;TOTEM
963479;5.392222222222222;43.27611111111111;"43°16'34.000""N 5°23'32.000""E";13208;"";20 BD LOUVAIN CASERNE MARINS POMPIERS;13008;MARSEILLE 8E ARRONDISSEMENT;Bâtiment;27.0;Société HLM
971758;5.224166666666667;43.37722222222222;"43°22'38.000""N 5°13'27.000""E";13088;"";14 ZA LES PIÉLETTES CHEMIN DE LA CRIDE;13740;ROVE;Pylône tubulaire;15.0;TOTEM
994868;5.3694444444444445;43.30388888888889;"43°18'14.000""N 5°22'10.000""E";13202;"";38/40 RUE FAUCHIER;13002;MARSEILLE 2E ARRONDISSEMENT;Immeuble;34.0;"Commune, communauté de commune"
1004490;5.2025;43.40111111111111;"43°24'4.000""N 5°12'9.000""E";13054;"";DAHER AEROSPACE ZAC DES FLORIDES;13700;MARIGNANE;Pylône tubulaire;15.0;ORANGE
1023760;5.3997222222222225;43.29222222222222;"43°17'32.000""N 5°23'59.000""E";13205;"";222 R ST PIERRE BATIMENT D;13005;MARSEILLE 5E ARRONDISSEMENT;Bâtiment;37.0;Société HLM
1025769;5.435555555555555;43.31527777777778;"43°18'55.000""N 5°26'8.000""E";13212;"";"23, BOULEVARD DES ROSSIGNOLS";13012;MARSEILLE 12E ARRONDISSEMENT;Immeuble;15.0;"Copropriété, Syndic, SCI"
1026817;5.434444444444445;43.275555555555556;"43°16'32.000""N 5°26'4.000""E";13210;"";29 TRAVERSE CHANTE PERDRIX BAT A4;13010;MARSEILLE 10E ARRONDISSEMENT;Immeuble;30.0;Société HLM
1056301;5.3997222222222225;43.24027777777778;"43°14'25.000""N 5°23'59.000""E";13209;"";22 BD DES OCEANS;13009;MARSEILLE 9E ARRONDISSEMENT;Bâtiment;17.0;"Copropriété, Syndic, SCI"
1120114;5.400555555555556;43.30638888888889;"43°18'23.000""N 5°24'2.000""E";13204;"";84 RUE DES TROIS FRÈRES CARASSO;13004;MARSEILLE 4E ARRONDISSEMENT;Immeuble;30.5;"Copropriété, Syndic, SCI"
1186717;5.365277777777778;43.30361111111111;"43°18'13.000""N 5°21'55.000""E";13202;"";112 BOULEVARD DE DAMES;13002;MARSEILLE 2E ARRONDISSEMENT;Immeuble;29.0;Société Privée
1191269;5.153333333333333;43.329166666666666;"43°19'45.000""N 5°9'12.000""E";13021;"";PARKING DE LA MAISON DE LA MER QUAI PROFESSEUR EMILE VAYSSIERE;13620;CARRY LE ROUET;Pylône tubulaire;16.0;TOTEM
1191274;5.380277777777778;43.27916666666667;"43°16'45.000""N 5°22'49.000""E";13208;"";2-12 BOULEVARD GASTON CRÉMIEUX;13008;MARSEILLE 8E ARRONDISSEMENT;Immeuble;37.5;Société HLM
1192540;5.275555555555556;43.430277777777775;"43°25'49.000""N 5°16'32.000""E";13117;"";D9 STADE DU GRIFFON;13127;VITROLLES;Pylône tubulaire;27.0;TOTEM
1199937;5.4719444444444445;43.28638888888889;"43°17'11.000""N 5°28'19.000""E";13211;"";289 BOULEVARD SAINT MARCEL;13011;MARSEILLE 11E ARRONDISSEMENT;Bâtiment;16.0;"Copropriété, Syndic, SCI"
1283942;5.283611111111111;43.42472222222222;"43°25'29.000""N 5°17'1.000""E";13117;"";511 AV JEAN MONNET DILANIAN MOTOS;13127;VITROLLES;Pylône tubulaire;21.5;BOUYGUES
1289493;5.372777777777777;43.410833333333336;"43°24'39.000""N 5°22'22.000""E";13106;"";"3, CHEMIN DE FABREGOULES RÉSIDENCE LES PINS 3";13240;SEPTEMES LES VALLONS;Immeuble;20.0;"Copropriété, Syndic, SCI"
1297401;5.608611111111111;43.308055555555555;"43°18'29.000""N 5°36'31.000""E";13005;"";1160 CHEMIN DES CRAUX;13400;AUBAGNE;Pylône tubulaire;16.0;HIVORY
1319514;5.224166666666667;43.39277777777778;"43°23'34.000""N 5°13'27.000""E";13043;LE TOES;"";13180;GIGNAC LA NERTHE;Pylône tubulaire;24.0;TOTEM
1319526;5.477222222222222;43.3425;"43°20'33.000""N 5°28'38.000""E";13002;"";"COMPLEXE SPORTIF PIE D'AUTRY CHEMIN DES RASCOUS";13190;ALLAUCH;Pylône tubulaire;21.0;TOTEM
1319803;5.359444444444445;43.34388888888889;"43°20'38.000""N 5°21'34.000""E";13215;"";"35, AVENUE DE SAINT LOUIS";13015;MARSEILLE 15E ARRONDISSEMENT;Bâtiment;23.0;"Copropriété, Syndic, SCI"
1320086;5.424166666666666;43.30916666666667;"43°18'33.000""N 5°25'27.000""E";13212;"";ECOLE PIGIER 54 TRAVERSE MARIDET;13012;MARSEILLE 12E ARRONDISSEMENT;Immeuble;21.1;"Copropriété, Syndic, SCI"
1323839;5.352222222222222;43.3525;"43°21'9.000""N 5°21'8.000""E";13215;"";CHEMIN DE SAINT LOUIS DE ROVE SCI LES MARINES PHOCÉENNE DE TRANSPORT;13015;MARSEILLE 15E ARRONDISSEMENT;Mât;12.0;ORANGE
1326971;5.364444444444445;43.30305555555555;"43°18'11.000""N 5°21'52.000""E";13202;"";QUAI DU LAZARET TUNNEL JOLIETTE SENS NORD-SUD;13002;MARSEILLE 2E ARRONDISSEMENT;Tunnel;5.0;"Commune, communauté de commune"
1327298;5.458333333333333;43.410833333333336;"43°24'39.000""N 5°27'30.000""E";13107;"";1420 CHEMIN DES MARRES;13109;SIMIANE COLLONGUE;Pylône autostable;24.0;TOTEM
1344330;5.269166666666667;43.430277777777775;"43°25'49.000""N 5°16'9.000""E";13117;"";"139, ROUTE DE LA SEDS PARC DU RELAIS DU GRIFFON - BATIMENT D";13127;VITROLLES;Bâtiment;9.0;Société Privée
1352091;5.464722222222222;43.31388888888889;"43°18'50.000""N 5°27'53.000""E";13212;"";8 TRAVERSE DE LA MALVINA TERRAIN MUNICIPAL;13012;MARSEILLE 12E ARRONDISSEMENT;Pylône tubulaire;12.0;ORANGE
1377800;5.0675;43.39611111111111;"43°23'46.000""N 5°4'3.000""E";13056;"";24 CHEMIN ST LAZARE;13500;MARTIGUES;Bâtiment;13.5;Particulier
1385965;5.599166666666667;43.183055555555555;"43°10'59.000""N 5°35'57.000""E";13028;"";AV JULES FERRY;13600;CIOTAT;Pylône tubulaire;29.0;TDF
1399236;5.102777777777778;43.39861111111111;"43°23'55.000""N 5°6'10.000""E";13026;LA MEDE;568 AVENUE DE MIRABEAU RAFFINERIES TOTAL;13220;CHATEAUNEUF LES MARTIGUES;Immeuble;14.0;Société Privée
1402178;5.365;43.276666666666664;"43°16'36.000""N 5°21'54.000""E";13207;LE ROUCAS BLANC;2 CHEM DU SOUVENIR;13007;MARSEILLE 7E ARRONDISSEMENT;Bâtiment;18.3;Particulier
1414365;5.351388888888889;43.285833333333336;"43°17'9.000""N 5°21'5.000""E";13207;"";"4, BOULEVARD DES DARDANELLES";13007;MARSEILLE 7E ARRONDISSEMENT;Immeuble;22.7;"Copropriété, Syndic, SCI"
1415397;5.416388888888889;43.31194444444444;"43°18'43.000""N 5°24'59.000""E";13212;"";86 BD HENRI FABRE RÉS LE MASSÉNA;13012;MARSEILLE 12E ARRONDISSEMENT;Immeuble;18.8;"Copropriété, Syndic, SCI"
1429281;5.3925;43.265;"43°15'54.000""N 5°23'33.000""E";13208;"";201-203 AV DE MAZARGUES;13008;MARSEILLE 8E ARRONDISSEMENT;Immeuble;23.0;Société Privée
1432640;5.381944444444445;43.29;"43°17'24.000""N 5°22'55.000""E";13206;"";2 RUE ALBERT CHABANON;13006;MARSEILLE 6E ARRONDISSEMENT;Immeuble;31.2;"Copropriété, Syndic, SCI"
1433875;5.368888888888889;43.31027777777778;"43°18'37.000""N 5°22'8.000""E";13202;"";"78/88/90, BD DE DUNKERQUE ILOT M1";13002;MARSEILLE 2E ARRONDISSEMENT;Immeuble;45.0;Société HLM
1436101;5.363611111111111;43.30722222222222;"43°18'26.000""N 5°21'49.000""E";13202;"";QUAI DES ANGLAIS LES TERRASSES DU PORT;13002;MARSEILLE 2E ARRONDISSEMENT;Bâtiment;30.0;Société Privée
1441266;5.368888888888889;43.29888888888889;"43°17'56.000""N 5°22'8.000""E";13202;"";46 PL DES MOULINS;13002;MARSEILLE 2E ARRONDISSEMENT;Immeuble;18.0;Particulier
1450809;5.225;43.409166666666664;"43°24'33.000""N 5°13'30.000""E";13054;"";AVENUE LACANAU;13700;MARIGNANE;Bâtiment;10.0;Particulier
1457956;5.615833333333334;43.19638888888889;"43°11'47.000""N 5°36'57.000""E";13028;"";"AVENUE DE L'ABEILLE";13600;CIOTAT;Immeuble;26.0;Société HLM
1462746;5.276388888888889;43.35777777777778;"43°21'28.000""N 5°16'35.000""E";13088;"L'ESTABLON";NATIONALE 568 - VALLON DU GIPIER;13740;ROVE;Mât;10.0;"Commune, communauté de commune"
1464763;5.456666666666667;43.32972222222222;"43°19'47.000""N 5°27'24.000""E";13213;"";48 AVENUE FOURNACLE CITÉ LA MARIE BT 12;13013;MARSEILLE 13E ARRONDISSEMENT;Bâtiment;25.0;"Copropriété, Syndic, SCI"
1475636;5.341111111111111;43.350833333333334;"43°21'3.000""N 5°20'28.000""E";13216;"";"472 CHEMIN DE ST HENRI 480, TRAVERSE DU PAS DU FAOU";13016;MARSEILLE 16E ARRONDISSEMENT;Pylône haubané;12.0;ORANGE
1490968;5.924166666666666;43.184444444444445;"43°11'4.000""N 5°55'27.000""E";83103;LES CRUES;STADE DE LA RIPELLE;83200;REVEST LES EAUX;Pylône tubulaire;12.0;ORANGE
1497539;5.392777777777778;43.28333333333333;"43°17'0.000""N 5°23'34.000""E";13210;"";"19, RUE MENPENTI";13010;MARSEILLE 10E ARRONDISSEMENT;Bâtiment;25.0;ORANGE Services Fixes
1515946;5.562777777777778;43.27111111111111;"43°16'16.000""N 5°33'46.000""E";13005;QUARTIER LES FENESTRELLES;CHEMIN DE CARPIAGNE;13400;AUBAGNE;Pylône tubulaire;17.0;TOTEM
1520721;5.371388888888889;43.24388888888889;"43°14'38.000""N 5°22'17.000""E";13208;"";41 AV DE MONTREDON;13008;MARSEILLE 8E ARRONDISSEMENT;Immeuble;21.7;"Copropriété, Syndic, SCI"
1529612;5.398055555555556;43.33166666666666;"43°19'54.000""N 5°23'53.000""E";13214;"";6 RUE DE LA BUSSERINE LA BUSSERINE TOUR Q;13014;MARSEILLE 14E ARRONDISSEMENT;Immeuble;58.0;Société HLM
1532369;4.9816666666666665;43.405833333333334;"43°24'21.000""N 4°58'54.000""E";13077;"";4 RUE DE LA REPUBLIQUE;13110;PORT DE BOUC;Immeuble;50.4;Société HLM
1536671;5.23;43.437777777777775;"43°26'16.000""N 5°13'48.000""E";13117;AÉROPORT INTERNATIONAL;"AÉROPORT MARSEILLE-PROVENCE USINE EUROCOPTER-CHÂTEAU D'EAU";13127;VITROLLES;"Château d'eau - réservoir";33.0;AIRBUS
1567017;5.355;43.352777777777774;"43°21'10.000""N 5°21'18.000""E";13215;"";IMP DE LA GENESTELLE CHEM DE ST LOUIS AU ROVE SITE FERROVIAIRE;13015;MARSEILLE 15E ARRONDISSEMENT;"Ouvrage d'art (pont, viaduc)";16.2;SNCF Réseau
1571834;5.792222222222222;43.25194444444445;"43°15'7.000""N 5°47'32.000""E";83035;"";CIRCUIT PAUL RICARD;83330;CASTELLET;Bâtiment;15.5;Société Privée
1571970;5.439444444444445;43.31916666666667;"43°19'9.000""N 5°26'22.000""E";13212;RÉSIDENCE MONTOLIVET;251 D R CHARLES KADDOUZ;13012;MARSEILLE 12E ARRONDISSEMENT;Immeuble;35.5;Société Privée
1583746;5.163888888888889;43.382222222222225;"43°22'56.000""N 5°9'50.000""E";13026;EGLISE;9 BOULEVARD GERMAIN CLAIRIN;13220;CHATEAUNEUF LES MARTIGUES;Monument religieux;29.0;"Commune, communauté de commune"
1589123;5.108333333333333;43.39833333333333;"43°23'54.000""N 5°6'30.000""E";13026;"";ALLÉE DU TAVERNIER 36 AV MIRABEAU;13220;CHATEAUNEUF LES MARTIGUES;Pylône tubulaire;18.0;TOTEM
1601321;5.393611111111111;43.27361111111111;"43°16'25.000""N 5°23'37.000""E";13208;"";24 BD  RABATAU;13008;MARSEILLE 8E ARRONDISSEMENT;Immeuble;28.0;"Copropriété, Syndic, SCI"
1605880;5.450833333333334;43.34;"43°20'24.000""N 5°27'3.000""E";13075;"";18 PROMENADE DU CAVAOU SCI LA SOURCE;13380;PLAN DE CUQUES;Pylône tubulaire;13.0;TOTEM
1623833;5.051944444444445;43.333333333333336;"43°20'0.000""N 5°3'7.000""E";13056;"";"44 CHEMIN DU SEMAPHORE, LA COURONNE";13117;MARTIGUES;Bâtiment;7.8;"Etat, Ministère"
1655058;5.604444444444445;43.173611111111114;"43°10'25.000""N 5°36'16.000""E";13028;"";ROND-POINT DES MESSAGERIES MARITIMES HOTEL DE VILLE;13600;CIOTAT;Bâtiment;24.7;"Commune, communauté de commune"
1689137;5.355;43.352777777777774;"43°21'10.000""N 5°21'18.000""E";13215;"";IMP DE LA GENESTELLE CHEM DE ST LOUIS AU ROVE SITE FERROVIAIRE;13015;MARSEILLE 15E ARRONDISSEMENT;Mât;4.0;ORANGE
1693036;5.301111111111111;43.41305555555556;"43°24'47.000""N 5°18'4.000""E";13071;LA SOURCE;ROUTE NATIONALE 113 GARAGE JPP AUTO;13170;PENNES MIRABEAU;Pylône autostable;12.0;TOTEM
1693075;5.383333333333334;43.3125;"43°18'45.000""N 5°23'0.000""E";13203;"";114-116 AV LOUBON;13003;MARSEILLE 3E ARRONDISSEMENT;Immeuble;45.0;"Copropriété, Syndic, SCI"
1693118;5.348888888888889;43.415277777777774;"43°24'55.000""N 5°20'56.000""E";13071;"";LA CLAUDIA ZONE COMMERCIALE DE PLAN DE CAMPAGNE;13170;PENNES MIRABEAU;Pylône autostable;17.0;TOTEM
1710277;5.3825;43.34361111111111;"43°20'37.000""N 5°22'57.000""E";13214;"";25 BD  MASSENET ENSEMBLE INDUSTRIEL MARSEILLE NORD;13014;MARSEILLE 14E ARRONDISSEMENT;Bâtiment;22.2;"Copropriété, Syndic, SCI"
1720666;5.586111111111111;43.29666666666667;"43°17'48.000""N 5°35'10.000""E";13005;"";CENTRAL TÉLÉPHONIQUE CHEMIN DU CAMP DE SARLIER CENTRE LAMAGNON;13400;AUBAGNE;Bâtiment;24.0;ORANGE Services Fixes
1746114;5.339722222222222;43.397222222222226;"43°23'50.000""N 5°20'23.000""E";13071;"";ROUTE DE LA GAVOTTE;13170;PENNES MIRABEAU;Pylône tubulaire;18.7;Conseil Régional
1790843;5.448888888888889;43.3125;"43°18'45.000""N 5°26'56.000""E";13212;"";21 AV FERNANDEL;13012;MARSEILLE 12E ARRONDISSEMENT;Bâtiment;15.0;Particulier
1794464;5.439722222222223;43.28805555555556;"43°17'17.000""N 5°26'23.000""E";13211;"";10 AV EMMANUEL ALLARD;13011;MARSEILLE 11E ARRONDISSEMENT;Bâtiment;27.5;Société Privée
1814043;5.386388888888889;43.33138888888889;"43°19'53.000""N 5°23'11.000""E";13214;"";RUE JEAN QUEILLEU TERRAIN RFF;13014;MARSEILLE 14E ARRONDISSEMENT;Mât;12.0;ORANGE
1826913;5.053055555555556;43.41833333333334;"43°25'6.000""N 5°3'11.000""E";13056;"";1 AV CANTO PERDRIX RES LA CALANQUE;13117;MARTIGUES;Immeuble;47.7;"Copropriété, Syndic, SCI"
1827332;5.397222222222222;43.27583333333333;"43°16'33.000""N 5°23'50.000""E";13208;"";72-82 BLV RABATAU;13008;MARSEILLE 8E ARRONDISSEMENT;Immeuble;30.8;"Copropriété, Syndic, SCI"
1849222;5.465833333333333;43.36083333333333;"43°21'39.000""N 5°27'57.000""E";13075;"";LA MONTADE AVENUE DE MIMET;13380;PLAN DE CUQUES;Immeuble;14.8;"Copropriété, Syndic, SCI"
1866206;5.395277777777777;43.433055555555555;"43°25'59.000""N 5°23'43.000""E";13015;COLLET ROUGE;PRÈS A.51 SENS MARSEILLE/AIX-EN-PROVENCE AIRE DE SERVICE DES CHABAUDS;13320;BOUC BEL AIR;Pylône autostable;25.0;"Sociétés d'Autoroutes"
1898188;5.425833333333333;43.33638888888889;"43°20'11.000""N 5°25'33.000""E";13213;"";RUE DES PIVOINES RESIDENCE LA SAUVAGINE;13013;MARSEILLE 13E ARRONDISSEMENT;Bâtiment;29.5;Conseil Régional
1934803;5.383055555555556;43.315;"43°18'54.000""N 5°22'59.000""E";13203;"";27 BD DE LA REVOLUTION;13003;MARSEILLE 3E ARRONDISSEMENT;Bâtiment;50.0;"Copropriété, Syndic, SCI"
1942654;5.358333333333333;43.29416666666667;"43°17'39.000""N 5°21'30.000""E";13207;"";"58, BD CHARLES LIVON PALAIS DU PHARO";13007;MARSEILLE 7E ARRONDISSEMENT;Bâtiment;25.0;"Commune, communauté de commune"
1974230;5.4063888888888885;43.325;"43°19'30.000""N 5°24'23.000""E";13213;"";130 AVENUE COROT PARC COROT BÂT C;13013;MARSEILLE 13E ARRONDISSEMENT;Immeuble;57.0;"Copropriété, Syndic, SCI"
1978196;5.251111111111111;43.416111111111114;"43°24'58.000""N 5°15'4.000""E";13102;"";RUE ROGER DES CHAMPS LA LOMBARDE CENTRE;13730;SAINT VICTORET;Pylône autostable;20.0;TOTEM
2008812;5.4030555555555555;43.2575;"43°15'27.000""N 5°24'11.000""E";13209;LA VERDIÈRE;29 CHE JOSEPH AIGUIER RÉSIDENCE BLOC 4;13009;MARSEILLE 9E ARRONDISSEMENT;Immeuble;34.8;"Copropriété, Syndic, SCI"
2008991;5.426944444444445;43.435833333333335;"43°26'9.000""N 5°25'37.000""E";13107;"";240 ROUTE DE LA GARE;13109;SIMIANE COLLONGUE;Pylône autostable;25.0;SNCF Réseau
2015712;5.385833333333333;43.32527777777778;"43°19'31.000""N 5°23'9.000""E";13214;LES MARINES BLEUES;"39, BD  CHARLES MORETTI";13014;MARSEILLE 14E ARRONDISSEMENT;Bâtiment;41.0;"Commune, communauté de commune"
2025461;5.381666666666667;43.28472222222222;"43°17'5.000""N 5°22'54.000""E";13206;"";82.84 R EDMOND ROSTAND R JEAN FIOLLE;13006;MARSEILLE 6E ARRONDISSEMENT;Immeuble;31.0;"Copropriété, Syndic, SCI"
2031981;5.3677777777777775;43.28527777777778;"43°17'7.000""N 5°22'4.000""E";13207;"";"RESIDENCE L'ESPLANADE NOUVELLE 67-69-77 BD TELLENE";13007;MARSEILLE 7E ARRONDISSEMENT;Immeuble;30.5;Société Privée
2033587;5.385555555555555;43.29138888888889;"43°17'29.000""N 5°23'8.000""E";13206;"";9 RUE DE LODI;13006;MARSEILLE 6E ARRONDISSEMENT;Immeuble;30.0;"Copropriété, Syndic, SCI"
2048452;5.356944444444444;43.35888888888889;"43°21'32.000""N 5°21'25.000""E";13215;"";PLACE JOSEPH LANIBOIS;13015;MARSEILLE 15E ARRONDISSEMENT;Bâtiment;16.5;"Copropriété, Syndic, SCI"
2082882;5.374444444444444;43.29833333333333;"43°17'54.000""N 5°22'28.000""E";13201;"";8 R HENRI BARBUSSE;13001;MARSEILLE 1ER ARRONDISSEMENT;Immeuble;41.2;"Copropriété, Syndic, SCI"
2102539;5.3902777777777775;43.2875;"43°17'15.000""N 5°23'25.000""E";13205;"";90 BD  BAILLE;13005;MARSEILLE 5E ARRONDISSEMENT;Immeuble;28.0;"Copropriété, Syndic, SCI"
2122635;5.779722222222222;43.256388888888885;"43°15'23.000""N 5°46'47.000""E";83035;"";2760 ROUTE DES HAUTS DU CAMP CIRCUIT DU CASTELLET NODE 2 - VIRAGE STADIUM;83330;CASTELLET;Bâtiment;4.6;Particulier
2124820;5.052777777777778;43.410833333333336;"43°24'39.000""N 5°3'10.000""E";13056;QUARTIER DE ST-JOSEPH;23-27 BD  GABRIEL PÉRI RÉSIDENCE LE GRÈS;13117;MARTIGUES;Immeuble;22.0;Société HLM
2126241;5.400833333333333;43.315555555555555;"43°18'56.000""N 5°24'3.000""E";13204;"";RUE AMEDEE PALMIERI;13004;MARSEILLE 4E ARRONDISSEMENT;Bâtiment;19.0;"Copropriété, Syndic, SCI"
2136958;5.386388888888889;43.275;"43°16'30.000""N 5°23'11.000""E";13208;"";"70, RUE JEAN MERMOZ";13008;MARSEILLE 8E ARRONDISSEMENT;Immeuble;34.0;"Copropriété, Syndic, SCI"
2137113;5.361111111111111;43.29666666666667;"43°17'48.000""N 5°21'40.000""E";13202;LE MUCEM - QUAI DE LA TOURETTE;ESPLANADE J4;13002;MARSEILLE 2E ARRONDISSEMENT;Bâtiment;12.0;"Etat, Ministère"
2137291;5.625277777777778;43.20944444444444;"43°12'34.000""N 5°37'31.000""E";13023;"";CHEMIN DES POISSONNIERS PYLONE SYNERAIL;13600;CEYRESTE;Pylône autostable;20.5;SNCF Réseau
2137717;5.111111111111111;43.334722222222226;"43°20'5.000""N 5°6'40.000""E";13104;"";5 RUE CHARLES GOUNOD SAUSSET LES PINS;13960;SAUSSET LES PINS;Pylône tubulaire;18.0;TOTEM
2146301;5.759444444444444;43.3025;"43°18'9.000""N 5°45'34.000""E";83105;BAUME LIERRE;D602;13780;RIBOUX;Pylône autostable;32.6;ON TOWER FRANCE
2147379;5.373055555555555;43.29333333333334;"43°17'36.000""N 5°22'23.000""E";13201;"";"8, RUE FORTIA";13001;MARSEILLE 1ER ARRONDISSEMENT;Bâtiment;8.0;"Copropriété, Syndic, SCI"
2151367;5.3775;43.28944444444444;"43°17'22.000""N 5°22'39.000""E";13206;"";"1, RUE D'ARCOLE";13006;MARSEILLE 6E ARRONDISSEMENT;Immeuble;26.0;"Copropriété, Syndic, SCI"
2151922;5.373611111111111;43.2925;"43°17'33.000""N 5°22'25.000""E";13201;"";"23, COURS HONORE D'ESTIENNE D'ORVES 46-48, RUE SAINTE";13001;MARSEILLE 1ER ARRONDISSEMENT;Bâtiment;8.0;Société Privée
2152495;5.404444444444445;43.31527777777778;"43°18'55.000""N 5°24'16.000""E";13204;"";AVENUE ST JUST;13004;MARSEILLE 4E ARRONDISSEMENT;Bâtiment;27.0;"Commune, communauté de commune"
2152715;5.393888888888889;43.28194444444444;"43°16'55.000""N 5°23'38.000""E";13210;PÉAGE DU PRADO;3 AV ARTHUR SCOTT LE TUNNEL PRADO CARÉNAGE;13010;MARSEILLE 10E ARRONDISSEMENT;Tunnel;5.0;Société Privée
2164056;5.371388888888889;43.31;"43°18'36.000""N 5°22'17.000""E";13203;6 RUE DÉSIRÉ CLARY;"";13003;MARSEILLE 3E ARRONDISSEMENT;Immeuble;13.0;Etablissement de soins
2185749;5.366388888888889;43.31055555555555;"43°18'38.000""N 5°21'59.000""E";13202;QUAI DU LAZARET;"";13002;MARSEILLE 2E ARRONDISSEMENT;Bâtiment;5.0;Société Privée
2206481;5.424444444444444;43.27916666666667;"43°16'45.000""N 5°25'28.000""E";13210;CENTRE COMMERCIAL AUCHAN;"57, BOULEVARD ROMAIN ROLLAND";13010;MARSEILLE 10E ARRONDISSEMENT;Bâtiment;18.0;Société Privée
2209714;5.351388888888889;43.33888888888889;"43°20'20.000""N 5°21'5.000""E";13215;"";30 CHEMIN DU CAP JANET RÉSIDENCE CAP JANET;13015;MARSEILLE 15E ARRONDISSEMENT;Immeuble;54.0;Société HLM
2221786;5.3613888888888885;43.38916666666667;"43°23'21.000""N 5°21'41.000""E";13106;"";79-81 AVENUE DU 8 MAI 1945 IMMEUBLE LES VALLONS;13240;SEPTEMES LES VALLONS;Immeuble;25.0;Société Privée
2224285;5.829166666666667;43.20916666666667;"43°12'33.000""N 5°49'45.000""E";83016;LE BEAUSSET;1927 CHEMIN DU BARO NUECHO;83330;BEAUSSET;Pylône autostable;22.0;TOTEM
2229050;5.213611111111111;43.42;"43°25'12.000""N 5°12'49.000""E";13054;"";59 AVENUE JEAN MERMOZ QUARTIER LES RASCAS;13700;MARIGNANE;Immeuble;27.0;"Copropriété, Syndic, SCI"
2229248;5.343333333333334;43.38583333333333;"43°23'9.000""N 5°20'36.000""E";13071;"";2 SQUARE MONACO 5 RUE FENOUIL;13170;PENNES MIRABEAU;Immeuble;16.0;"Copropriété, Syndic, SCI"
2235562;5.4061111111111115;43.28611111111111;"43°17'10.000""N 5°24'22.000""E";13210;"";"116, 118 AV DE LA TIMONE";13010;MARSEILLE 10E ARRONDISSEMENT;Immeuble;31.0;Société HLM
2249367;5.4463888888888885;43.231944444444444;"43°13'55.000""N 5°26'47.000""E";13209;"";184 AVENUE DE LUMINY;13009;MARSEILLE 9E ARRONDISSEMENT;Mât;12.0;ORANGE
2267901;5.233888888888889;43.431111111111115;"43°25'52.000""N 5°14'2.000""E";13117;LE CELIER;AÉROPORT MARSEILLE-PROVENCE EUROCOPTER BAT R05;13127;VITROLLES;Bâtiment;24.0;Société Privée
2270482;5.856111111111111;43.17194444444444;"43°10'19.000""N 5°51'22.000""E";83053;"L'ESTRECHE";"";83330;EVENOS;Pylône autostable;33.0;BOUYGUES
2285469;5.680833333333333;43.32888888888889;"43°19'44.000""N 5°40'51.000""E";13007;LA COUTRONNE;ROUTE DE LA SAINTE BAUME D2;13390;AURIOL;Pylône autostable;17.0;TOTEM
2322303;5.373611111111111;43.36833333333333;"43°22'6.000""N 5°22'25.000""E";13215;"";BOULEVARD DE LA SAVINE PRÈS DU STADE CHEMIN DE LA MURE;13015;MARSEILLE 15E ARRONDISSEMENT;Pylône tubulaire;23.0;TOTEM
2369778;5.581666666666667;43.225;"43°13'30.000""N 5°34'54.000""E";13022;TOIT PÉAGE DE CASSIS;"AIRE DU PAS D'OUILLER -SORTIE AUTOROUTE A50 TOIT PÉAGE DE CASSIS";13260;CASSIS;Pylône autostable;14.0;ORANGE
2370691;5.369166666666667;43.295833333333334;"43°17'45.000""N 5°22'9.000""E";13202;"";78 QUAI DU PORT;13002;MARSEILLE 2E ARRONDISSEMENT;Mât;10.0;"Commune, communauté de commune"
2382912;5.601944444444444;43.286944444444444;"43°17'13.000""N 5°36'7.000""E";13005;LES PALUDS;298 AV DES PALUDS;13400;AUBAGNE;Immeuble;15.0;"Copropriété, Syndic, SCI"
2409882;5.359166666666667;43.29055555555556;"43°17'26.000""N 5°21'33.000""E";13207;RÉSIDENCE LES CATALANS SOGIMA;26 AV PASTEUR RÉSIDENCE LES CATALANS SOGIMA;13007;MARSEILLE 7E ARRONDISSEMENT;Immeuble;38.0;"Copropriété, Syndic, SCI"
2428397;5.569444444444445;43.29222222222222;"43°17'32.000""N 5°34'10.000""E";13005;"";7 BOULEVARD JEAN JAURES HOTEL DE VILLE;13400;AUBAGNE;Bâtiment;21.8;"Commune, communauté de commune"
2434565;5.326944444444444;43.40777777777778;"43°24'28.000""N 5°19'37.000""E";13071;"";RD 113 SCI RODRIGUEZ;13170;PENNES MIRABEAU;Pylône haubané;12.0;ORANGE
2448089;5.612777777777778;43.36638888888889;"43°21'59.000""N 5°36'46.000""E";13007;LE PONT DE JOUX;QUARTIER DES CLOS PROCHE ANGLE A A52/RN560;13390;AURIOL;Pylône tubulaire;22.0;SFR
2460639;5.395833333333333;43.26972222222222;"43°16'11.000""N 5°23'45.000""E";13208;"";"STADE VELODROME 3, BOULEVARD MICHELET";13008;MARSEILLE 8E ARRONDISSEMENT;Bâtiment;74.8;"Commune, communauté de commune"
2487949;5.381388888888889;43.25055555555556;"43°15'2.000""N 5°22'53.000""E";13208;"";72 BD DU SABLIER RÉSIDENCE WHITE & SEA;13008;MARSEILLE 8E ARRONDISSEMENT;Immeuble;22.2;"Copropriété, Syndic, SCI"
2523723;5.323333333333333;43.36083333333333;"43°21'39.000""N 5°19'24.000""E";13216;"";8 RUE JEAN-JACQUES VERNAZZA SERVICES DES SPORTS;13016;MARSEILLE 16E ARRONDISSEMENT;Pylône tubulaire;13.0;TOTEM
2529870;5.213055555555556;43.33305555555555;"43°19'59.000""N 5°12'47.000""E";13033;"";PROCHE CHEMIN DE MEJEAN LES FIGUIERES;13820;ENSUES LA REDONNE;"Château d'eau - réservoir";10.7;"Syndicat des eaux, Adduction"
2532699;5.368888888888889;43.37;"43°22'12.000""N 5°22'8.000""E";13215;"";79 CHEMIN DU VALLON DES TUVES HÔPITAL NORD;13015;MARSEILLE 15E ARRONDISSEMENT;Immeuble;34.0;Société HLM
2554604;5.3075;43.38805555555555;"43°23'17.000""N 5°18'27.000""E";13071;JASDERHODES;3229 AV DU CAPITAINE DE CORVETTE PAUL BRUTUS;13170;PENNES MIRABEAU;Pylône autostable;18.3;TOTEM
2607412;5.6033333333333335;43.37388888888889;"43°22'26.000""N 5°36'12.000""E";13031;PIERRASCA;291 CARREIRADE DE PIERRESCA;13112;DESTROUSSE;Pylône autostable;30.0;ATC FRANCE
2613014;5.352222222222222;43.3525;"43°21'9.000""N 5°21'8.000""E";13216;"";145 CHEMIN DE SAINT-LOUIS AU ROVE;13016;MARSEILLE 16E ARRONDISSEMENT;Pylône tubulaire;14.0;TOTEM
2625469;5.59;43.20472222222222;"43°12'17.000""N 5°35'24.000""E";13028;"";2277 AVENUE EMILE BODIN GARE DE PÉAGE;13600;CIOTAT;Pylône autostable;38.0;"Sociétés d'Autoroutes"
2632784;5.38;43.3025;"43°18'9.000""N 5°22'48.000""E";13201;"";TUNNEL ST CHARLES;13001;MARSEILLE 1ER ARRONDISSEMENT;Tunnel;5.0;"Commune, communauté de commune"
2714226;5.424444444444444;43.24777777777778;"43°14'52.000""N 5°25'28.000""E";13209;LE SISLEY;34E RUE NICOLE ZEMMOUR LE SISLEY;13009;MARSEILLE 9E ARRONDISSEMENT;Immeuble;20.0;"Copropriété, Syndic, SCI"
2722694;5.552222222222222;43.28138888888889;"43°16'53.000""N 5°33'8.000""E";13005;LA TOURTELLE;CH DU CHARREL ETS TIRAND;13400;AUBAGNE;Pylône tubulaire;13.3;ORANGE
2728119;5.673333333333334;43.410555555555554;"43°24'38.000""N 5°40'24.000""E";13110;KIRBON-EST;ROUTE DE SAINT ZACHARIE PAS DE LA COUELLE DEPARTEMENTALE 12;13530;TRETS;Pylône autostable;14.5;BOUYGUES
2735123;4.835277777777778;43.378055555555555;"43°22'41.000""N 4°50'7.000""E";13078;"";"RUE DU CANAL SAINT ANTOINE L'ERMITE";13230;PORT SAINT LOUIS DU RHONE;Pylône autostable;24.0;ORANGE
2773867;5.6691666666666665;43.193888888888885;"43°11'38.000""N 5°40'9.000""E";13028;"";CHEMIN DES PLAINES BORNES AIRE DES PLAINES BARONNES;13600;CIOTAT;Pylône autostable;13.0;FREE-MOBILE
2784044;5.674166666666666;43.18277777777778;"43°10'58.000""N 5°40'27.000""E";83112;"";ROUTE DE MARSEILLE RD559 MGEN EHPAD;83270;SAINT CYR SUR MER;Pylône autostable;40.0;TDF
2790964;5.395555555555555;43.27055555555555;"43°16'14.000""N 5°23'44.000""E";13208;"";3 BOULEVARD MICHELET STADE VELODROME TRIBUNE VIRAGE NORD;13008;MARSEILLE 8E ARRONDISSEMENT;Bâtiment;75.0;"Commune, communauté de commune"
2793243;5.396111111111111;43.26916666666666;"43°16'9.000""N 5°23'46.000""E";13208;"";3 BOULEVARD MICHELET STADE VELODROME TRIBUNE VIRAGE SUD;13008;MARSEILLE 8E ARRONDISSEMENT;Bâtiment;75.0;"Commune, communauté de commune"
2793605;5.396388888888889;43.27;"43°16'12.000""N 5°23'47.000""E";13208;"";3 BOULEVARD MICHELET STADE VELODROME TRIBUNE GANAY - EST;13008;MARSEILLE 8E ARRONDISSEMENT;Bâtiment;75.0;"Commune, communauté de commune"
2793607;5.395277777777777;43.26972222222222;"43°16'11.000""N 5°23'43.000""E";13208;"";3 BOULEVARD MICHELET STADE VELODROME TRIBUNE JEAN BOUIN- OUEST;13008;MARSEILLE 8E ARRONDISSEMENT;Bâtiment;75.0;"Commune, communauté de commune"
2803773;5.038888888888889;43.408055555555556;"43°24'29.000""N 5°2'20.000""E";13056;SAINT ROCH;LE MOULIN ST ROCH BT M1 LA COUDOULIÈRE;13117;MARTIGUES;Bâtiment;29.0;Société HLM
2809804;5.409722222222222;43.341388888888886;"43°20'29.000""N 5°24'35.000""E";13214;"";RUE DES GÉRANIUMS GARAGE CITROEN;13014;MARSEILLE 14E ARRONDISSEMENT;Pylône tubulaire;16.0;TOTEM
2826413;5.273888888888889;43.37638888888889;"43°22'35.000""N 5°16'26.000""E";13088;LES GRANDS CLOS;LA REGENTANCE ET LA GORGUE;13740;ROVE;Mât métallique;4.0;TDF
2843762;5.37;43.265;"43°15'54.000""N 5°22'12.000""E";13208;"";62 PROMENADE GEORGES POMPIDOU;13008;MARSEILLE 8E ARRONDISSEMENT;Pylône tubulaire;17.0;Société Privée
