Numéro de mesure;Service;Bande;Niveau mesuré;Niveau extrapolé
167769;DECT (Téléphone domestique);1880-1900;"";""
167780;DECT (Téléphone domestique);1880-1900;"";""
167788;DECT (Téléphone domestique);1880-1900;"";""
168393;DECT (Téléphone domestique);1880-1900;0.01;""
168568;DECT (Téléphone domestique);1880-1900;"";""
168864;DECT (Téléphone domestique);1880-1900;"";""
170073;DECT (Téléphone domestique);1880-1900;"";""
170106;DECT (Téléphone domestique);1880-1900;0.25;""
170165;DECT (Téléphone domestique);1880-1900;"";""
170166;DECT (Téléphone domestique);1880-1900;"";""
170179;DECT (Téléphone domestique);1880-1900;"";""
170917;DECT (Téléphone domestique);1880-1900;"";""
171804;DECT (Téléphone domestique);1880-1900;"";""
172517;DECT (Téléphone domestique);1880-1900;"";""
172632;DECT (Téléphone domestique);1880-1900;0.01;""
172651;DECT (Téléphone domestique);1880-1900;"";""
172653;DECT (Téléphone domestique);1880-1900;"";""
172656;DECT (Téléphone domestique);1880-1900;"";""
172732;DECT (Téléphone domestique);1880-1900;"";""
172886;DECT (Téléphone domestique);1880-1900;0.62;""
173204;DECT (Téléphone domestique);1880-1900;"";""
173405;DECT (Téléphone domestique);1880-1900;"";""
173428;DECT (Téléphone domestique);1880-1900;"";""
173622;DECT (Téléphone domestique);1880-1900;"";""
173623;DECT (Téléphone domestique);1880-1900;"";""
173774;DECT (Téléphone domestique);1880-1900;"";""
173776;DECT (Téléphone domestique);1880-1900;"";""
174047;DECT (Téléphone domestique);1880-1900;"";""
174051;DECT (Téléphone domestique);1880-1900;"";""
174077;DECT (Téléphone domestique);1880-1900;"";""
174286;DECT (Téléphone domestique);1880-1900;"";""
175081;DECT (Téléphone domestique);1880-1900;"";""
175207;DECT (Téléphone domestique);1880-1900;"";""
176136;DECT (Téléphone domestique);1880-1900;"";""
176289;DECT (Téléphone domestique);1880-1900;"";""
176296;DECT (Téléphone domestique);1880-1900;"";""
176637;DECT (Téléphone domestique);1880-1900;"";""
176645;DECT (Téléphone domestique);1880-1900;"";""
177116;DECT (Téléphone domestique);1880-1900;"";""
177117;DECT (Téléphone domestique);1880-1900;"";""
177130;DECT (Téléphone domestique);1880-1900;"";""
177142;DECT (Téléphone domestique);1880-1900;"";""
177158;DECT (Téléphone domestique);1880-1900;"";""
177464;DECT (Téléphone domestique);1880-1900;"";""
177649;DECT (Téléphone domestique);1880-1900;"";""
177650;DECT (Téléphone domestique);1880-1900;"";""
177664;DECT (Téléphone domestique);1880-1900;"";""
177667;DECT (Téléphone domestique);1880-1900;"";""
177699;DECT (Téléphone domestique);1880-1900;"";""
178160;DECT (Téléphone domestique);1880-1900;"";""
178285;DECT (Téléphone domestique);1880-1900;"";""
178313;DECT (Téléphone domestique);1880-1900;"";""
178360;DECT (Téléphone domestique);1880-1900;"";""
178421;DECT (Téléphone domestique);1880-1900;"";""
179117;DECT (Téléphone domestique);1880-1900;"";""
179301;DECT (Téléphone domestique);1880-1900;"";""
179309;DECT (Téléphone domestique);1880-1900;"";""
179431;DECT (Téléphone domestique);1880-1900;"";""
179435;DECT (Téléphone domestique);1880-1900;"";""
179443;DECT (Téléphone domestique);1880-1900;"";""
180454;DECT (Téléphone domestique);1880-1900;"";""
180797;DECT (Téléphone domestique);1880-1900;"";""
180908;DECT (Téléphone domestique);1880-1900;"";""
180914;DECT (Téléphone domestique);1880-1900;"";""
180915;DECT (Téléphone domestique);1880-1900;"";""
181035;DECT (Téléphone domestique);1880-1900;"";""
181438;DECT (Téléphone domestique);1880-1900;"";""
181518;DECT (Téléphone domestique);1880-1900;"";""
181520;DECT (Téléphone domestique);1880-1900;"";""
182195;DECT (Téléphone domestique);1880-1900;"";""
182212;DECT (Téléphone domestique);1880-1900;"";""
182723;DECT (Téléphone domestique);1880-1900;"";""
182726;DECT (Téléphone domestique);1880-1900;"";""
182750;DECT (Téléphone domestique);1880-1900;"";""
182752;DECT (Téléphone domestique);1880-1900;"";""
182753;DECT (Téléphone domestique);1880-1900;"";""
182762;DECT (Téléphone domestique);1880-1900;"";""
182769;DECT (Téléphone domestique);1880-1900;"";""
182773;DECT (Téléphone domestique);1880-1900;"";""
182825;DECT (Téléphone domestique);1880-1900;"";""
167769;Radiodiffusion sonore (FM – RNT);"87,5-108/174-223";0.11;""
167780;Radiodiffusion sonore (FM – RNT);"87,5-108/174-223";0.05;""
167788;Radiodiffusion sonore (FM – RNT);"87,5-108/174-223";0.07;""
168393;Radiodiffusion sonore (FM – RNT);"87,5-108/174-223";0.02;""
168568;Radiodiffusion sonore (FM – RNT);"87,5-108/174-223";"";""
168864;Radiodiffusion sonore (FM – RNT);"87,5-108/174-223";"";""
170073;Radiodiffusion sonore (FM – RNT);"87,5-108/174-223";"";""
170106;Radiodiffusion sonore (FM – RNT);"87,5-108/174-223";"";""
170165;Radiodiffusion sonore (FM – RNT);"87,5-108/174-223";0.09;""
170166;Radiodiffusion sonore (FM – RNT);"87,5-108/174-223";"";""
170179;Radiodiffusion sonore (FM – RNT);"87,5-108/174-223";"";""
170917;Radiodiffusion sonore (FM – RNT);"87,5-108/174-223";"";""
171804;Radiodiffusion sonore (FM – RNT);"87,5-108/174-223";"";""
172517;Radiodiffusion sonore (FM – RNT);"87,5-108/174-223";0.06;""
172632;Radiodiffusion sonore (FM – RNT);"87,5-108/174-223";0.02;""
172651;Radiodiffusion sonore (FM – RNT);"87,5-108/174-223";0.15;""
172653;Radiodiffusion sonore (FM – RNT);"87,5-108/174-223";"";""
172656;Radiodiffusion sonore (FM – RNT);"87,5-108/174-223";"";""
172732;Radiodiffusion sonore (FM – RNT);"87,5-108/174-223";0.18;""
172886;Radiodiffusion sonore (FM – RNT);"87,5-108/174-223";0.1;""
173204;Radiodiffusion sonore (FM – RNT);"87,5-108/174-223";0.29;""
173405;Radiodiffusion sonore (FM – RNT);"87,5-108/174-223";0.12;""
173428;Radiodiffusion sonore (FM – RNT);"87,5-108/174-223";0.13;""
173622;Radiodiffusion sonore (FM – RNT);"87,5-108/174-223";"";""
173623;Radiodiffusion sonore (FM – RNT);"87,5-108/174-223";"";""
173774;Radiodiffusion sonore (FM – RNT);"87,5-108/174-223";"";""
173776;Radiodiffusion sonore (FM – RNT);"87,5-108/174-223";0.08;""
174047;Radiodiffusion sonore (FM – RNT);"87,5-108/174-223";0.22;""
174051;Radiodiffusion sonore (FM – RNT);"87,5-108/174-223";0.27;""
174077;Radiodiffusion sonore (FM – RNT);"87,5-108/174-223";0.9;""
174286;Radiodiffusion sonore (FM – RNT);"87,5-108/174-223";0.1;""
175081;Radiodiffusion sonore (FM – RNT);"87,5-108/174-223";0.52;""
175207;Radiodiffusion sonore (FM – RNT);"87,5-108/174-223";"";""
176136;Radiodiffusion sonore (FM – RNT);"87,5-108/174-223";0.22;""
176289;Radiodiffusion sonore (FM – RNT);"87,5-108/174-223";"";""
176296;Radiodiffusion sonore (FM – RNT);"87,5-108/174-223";"";""
176637;Radiodiffusion sonore (FM – RNT);"87,5-108/174-223";"";""
176645;Radiodiffusion sonore (FM – RNT);"87,5-108/174-223";0.34;""
177116;Radiodiffusion sonore (FM – RNT);"87,5-108/174-223";"";""
177117;Radiodiffusion sonore (FM – RNT);"87,5-108/174-223";"";""
177130;Radiodiffusion sonore (FM – RNT);"87,5-108/174-223";0.07;""
177142;Radiodiffusion sonore (FM – RNT);"87,5-108/174-223";0.11;""
177158;Radiodiffusion sonore (FM – RNT);"87,5-108/174-223";"";""
177464;Radiodiffusion sonore (FM – RNT);"87,5-108/174-223";"";""
177649;Radiodiffusion sonore (FM – RNT);"87,5-108/174-223";0.28;""
177650;Radiodiffusion sonore (FM – RNT);"87,5-108/174-223";"";""
177664;Radiodiffusion sonore (FM – RNT);"87,5-108/174-223";0.12;""
177667;Radiodiffusion sonore (FM – RNT);"87,5-108/174-223";"";""
177699;Radiodiffusion sonore (FM – RNT);"87,5-108/174-223";0.23;""
178160;Radiodiffusion sonore (FM – RNT);"87,5-108/174-223";"";""
178285;Radiodiffusion sonore (FM – RNT);"87,5-108/174-223";0.68;""
178313;Radiodiffusion sonore (FM – RNT);"87,5-108/174-223";0.07;""
178360;Radiodiffusion sonore (FM – RNT);"87,5-108/174-223";"";""
178421;Radiodiffusion sonore (FM – RNT);"87,5-108/174-223";0.14;""
179117;Radiodiffusion sonore (FM – RNT);"87,5-108/174-223";0.06;""
179301;Radiodiffusion sonore (FM – RNT);"87,5-108/174-223";"";""
179309;Radiodiffusion sonore (FM – RNT);"87,5-108/174-223";"";""
179431;Radiodiffusion sonore (FM – RNT);"87,5-108/174-223";"";""
179435;Radiodiffusion sonore (FM – RNT);"87,5-108/174-223";0.06;""
179443;Radiodiffusion sonore (FM – RNT);"87,5-108/174-223";0.2;""
180454;Radiodiffusion sonore (FM – RNT);"87,5-108/174-223";0.31;""
180797;Radiodiffusion sonore (FM – RNT);"87,5-108/174-223";0.14;""
180908;Radiodiffusion sonore (FM – RNT);"87,5-108/174-223";"";""
180914;Radiodiffusion sonore (FM – RNT);"87,5-108/174-223";"";""
180915;Radiodiffusion sonore (FM – RNT);"87,5-108/174-223";"";""
181035;Radiodiffusion sonore (FM – RNT);"87,5-108/174-223";0.17;""
181438;Radiodiffusion sonore (FM – RNT);"87,5-108/174-223";0.23;""
181518;Radiodiffusion sonore (FM – RNT);"87,5-108/174-223";0.09;""
181520;Radiodiffusion sonore (FM – RNT);"87,5-108/174-223";0.16;""
182195;Radiodiffusion sonore (FM – RNT);"87,5-108/174-223";"";""
182212;Radiodiffusion sonore (FM – RNT);"87,5-108/174-223";0.06;""
182723;Radiodiffusion sonore (FM – RNT);"87,5-108/174-223";0.11;""
182726;Radiodiffusion sonore (FM – RNT);"87,5-108/174-223";"";""
182750;Radiodiffusion sonore (FM – RNT);"87,5-108/174-223";0.12;""
182752;Radiodiffusion sonore (FM – RNT);"87,5-108/174-223";0.27;""
182753;Radiodiffusion sonore (FM – RNT);"87,5-108/174-223";"";""
182762;Radiodiffusion sonore (FM – RNT);"87,5-108/174-223";0.15;""
182769;Radiodiffusion sonore (FM – RNT);"87,5-108/174-223";"";""
182773;Radiodiffusion sonore (FM – RNT);"87,5-108/174-223";0.23;""
182825;Radiodiffusion sonore (FM – RNT);"87,5-108/174-223";0.08;""
167769;Services HF;"0,1-30";0.08;""
167780;Services HF;"0,1-30";0.09;""
167788;Services HF;"0,1-30";0.08;""
168393;Services HF;"0,1-30";0.0;""
168568;Services HF;"0,1-30";0.09;""
168864;Services HF;"0,1-30";0.07;""
170073;Services HF;"0,1-30";0.07;""
170106;Services HF;"0,1-30";"";""
170165;Services HF;"0,1-30";0.09;""
170166;Services HF;"0,1-30";"";""
170179;Services HF;"0,1-30";0.06;""
170917;Services HF;"0,1-30";0.16;""
171804;Services HF;"0,1-30";0.12;""
172517;Services HF;"0,1-30";0.08;""
172632;Services HF;"0,1-30";0.06;""
172651;Services HF;"0,1-30";0.08;""
172653;Services HF;"0,1-30";0.09;""
172656;Services HF;"0,1-30";"";""
172732;Services HF;"0,1-30";0.1;""
172886;Services HF;"0,1-30";0.05;""
173204;Services HF;"0,1-30";0.08;""
173405;Services HF;"0,1-30";0.07;""
173428;Services HF;"0,1-30";0.07;""
173622;Services HF;"0,1-30";0.08;""
173623;Services HF;"0,1-30";0.06;""
173774;Services HF;"0,1-30";0.07;""
173776;Services HF;"0,1-30";0.06;""
174047;Services HF;"0,1-30";0.05;""
174051;Services HF;"0,1-30";0.07;""
174077;Services HF;"0,1-30";0.06;""
174286;Services HF;"0,1-30";0.05;""
175081;Services HF;"0,1-30";"";""
175207;Services HF;"0,1-30";0.07;""
176136;Services HF;"0,1-30";0.06;""
176289;Services HF;"0,1-30";"";""
176296;Services HF;"0,1-30";0.07;""
176637;Services HF;"0,1-30";0.06;""
176645;Services HF;"0,1-30";"";""
177116;Services HF;"0,1-30";0.11;""
177117;Services HF;"0,1-30";0.08;""
177130;Services HF;"0,1-30";0.05;""
177142;Services HF;"0,1-30";0.06;""
177158;Services HF;"0,1-30";0.06;""
177464;Services HF;"0,1-30";0.06;""
177649;Services HF;"0,1-30";0.06;""
177650;Services HF;"0,1-30";0.12;""
177664;Services HF;"0,1-30";"";""
177667;Services HF;"0,1-30";0.05;""
177699;Services HF;"0,1-30";0.06;""
178160;Services HF;"0,1-30";0.05;""
178285;Services HF;"0,1-30";"";""
178313;Services HF;"0,1-30";0.06;""
178360;Services HF;"0,1-30";0.07;""
178421;Services HF;"0,1-30";0.05;""
179117;Services HF;"0,1-30";0.07;""
179301;Services HF;"0,1-30";0.06;""
179309;Services HF;"0,1-30";0.06;""
179431;Services HF;"0,1-30";0.06;""
179435;Services HF;"0,1-30";0.1;""
179443;Services HF;"0,1-30";"";""
180454;Services HF;"0,1-30";"";""
180797;Services HF;"0,1-30";"";""
180908;Services HF;"0,1-30";"";""
180914;Services HF;"0,1-30";"";""
180915;Services HF;"0,1-30";"";""
181035;Services HF;"0,1-30";"";""
181438;Services HF;"0,1-30";"";""
181518;Services HF;"0,1-30";"";""
181520;Services HF;"0,1-30";"";""
182195;Services HF;"0,1-30";"";""
182212;Services HF;"0,1-30";"";""
182723;Services HF;"0,1-30";"";""
182726;Services HF;"0,1-30";"";""
182750;Services HF;"0,1-30";"";""
182752;Services HF;"0,1-30";"";""
182753;Services HF;"0,1-30";"";""
182762;Services HF;"0,1-30";"";""
182769;Services HF;"0,1-30";"";""
182773;Services HF;"0,1-30";"";""
182825;Services HF;"0,1-30";"";""
167769;PMR (Réseaux radio mobile professionnels);"30-87,5 (hors TV)";"";""
167780;PMR (Réseaux radio mobile professionnels);"30-87,5 (hors TV)";"";""
167788;PMR (Réseaux radio mobile professionnels);"30-87,5 (hors TV)";"";""
168393;PMR (Réseaux radio mobile professionnels);"30-87,5 (hors TV)";0.03;""
168568;PMR (Réseaux radio mobile professionnels);"30-87,5 (hors TV)";"";""
168864;PMR (Réseaux radio mobile professionnels);"30-87,5 (hors TV)";"";""
170073;PMR (Réseaux radio mobile professionnels);"30-87,5 (hors TV)";"";""
170106;PMR (Réseaux radio mobile professionnels);"30-87,5 (hors TV)";"";""
170165;PMR (Réseaux radio mobile professionnels);"30-87,5 (hors TV)";"";""
170166;PMR (Réseaux radio mobile professionnels);"30-87,5 (hors TV)";"";""
170179;PMR (Réseaux radio mobile professionnels);"30-87,5 (hors TV)";"";""
170917;PMR (Réseaux radio mobile professionnels);"30-87,5 (hors TV)";"";""
171804;PMR (Réseaux radio mobile professionnels);"30-87,5 (hors TV)";"";""
172517;PMR (Réseaux radio mobile professionnels);"30-87,5 (hors TV)";"";""
172632;PMR (Réseaux radio mobile professionnels);"30-87,5 (hors TV)";0.03;""
172651;PMR (Réseaux radio mobile professionnels);"30-87,5 (hors TV)";"";""
172653;PMR (Réseaux radio mobile professionnels);"30-87,5 (hors TV)";"";""
172656;PMR (Réseaux radio mobile professionnels);"30-87,5 (hors TV)";"";""
172732;PMR (Réseaux radio mobile professionnels);"30-87,5 (hors TV)";"";""
172886;PMR (Réseaux radio mobile professionnels);"30-87,5 (hors TV)";"";""
173204;PMR (Réseaux radio mobile professionnels);"30-87,5 (hors TV)";"";""
173405;PMR (Réseaux radio mobile professionnels);"30-87,5 (hors TV)";"";""
173428;PMR (Réseaux radio mobile professionnels);"30-87,5 (hors TV)";"";""
173622;PMR (Réseaux radio mobile professionnels);"30-87,5 (hors TV)";"";""
173623;PMR (Réseaux radio mobile professionnels);"30-87,5 (hors TV)";"";""
173774;PMR (Réseaux radio mobile professionnels);"30-87,5 (hors TV)";"";""
173776;PMR (Réseaux radio mobile professionnels);"30-87,5 (hors TV)";"";""
174047;PMR (Réseaux radio mobile professionnels);"30-87,5 (hors TV)";"";""
174051;PMR (Réseaux radio mobile professionnels);"30-87,5 (hors TV)";"";""
174077;PMR (Réseaux radio mobile professionnels);"30-87,5 (hors TV)";"";""
174286;PMR (Réseaux radio mobile professionnels);"30-87,5 (hors TV)";"";""
175081;PMR (Réseaux radio mobile professionnels);"30-87,5 (hors TV)";"";""
175207;PMR (Réseaux radio mobile professionnels);"30-87,5 (hors TV)";"";""
176136;PMR (Réseaux radio mobile professionnels);"30-87,5 (hors TV)";"";""
176289;PMR (Réseaux radio mobile professionnels);"30-87,5 (hors TV)";"";""
176296;PMR (Réseaux radio mobile professionnels);"30-87,5 (hors TV)";"";""
176637;PMR (Réseaux radio mobile professionnels);"30-87,5 (hors TV)";"";""
176645;PMR (Réseaux radio mobile professionnels);"30-87,5 (hors TV)";"";""
177116;PMR (Réseaux radio mobile professionnels);"30-87,5 (hors TV)";"";""
177117;PMR (Réseaux radio mobile professionnels);"30-87,5 (hors TV)";"";""
177130;PMR (Réseaux radio mobile professionnels);"30-87,5 (hors TV)";"";""
177142;PMR (Réseaux radio mobile professionnels);"30-87,5 (hors TV)";"";""
177158;PMR (Réseaux radio mobile professionnels);"30-87,5 (hors TV)";"";""
177464;PMR (Réseaux radio mobile professionnels);"30-87,5 (hors TV)";"";""
177649;PMR (Réseaux radio mobile professionnels);"30-87,5 (hors TV)";"";""
177650;PMR (Réseaux radio mobile professionnels);"30-87,5 (hors TV)";"";""
177664;PMR (Réseaux radio mobile professionnels);"30-87,5 (hors TV)";"";""
177667;PMR (Réseaux radio mobile professionnels);"30-87,5 (hors TV)";"";""
177699;PMR (Réseaux radio mobile professionnels);"30-87,5 (hors TV)";"";""
178160;PMR (Réseaux radio mobile professionnels);"30-87,5 (hors TV)";"";""
178285;PMR (Réseaux radio mobile professionnels);"30-87,5 (hors TV)";"";""
178313;PMR (Réseaux radio mobile professionnels);"30-87,5 (hors TV)";"";""
178360;PMR (Réseaux radio mobile professionnels);"30-87,5 (hors TV)";"";""
178421;PMR (Réseaux radio mobile professionnels);"30-87,5 (hors TV)";"";""
179117;PMR (Réseaux radio mobile professionnels);"30-87,5 (hors TV)";"";""
179301;PMR (Réseaux radio mobile professionnels);"30-87,5 (hors TV)";"";""
179309;PMR (Réseaux radio mobile professionnels);"30-87,5 (hors TV)";"";""
179431;PMR (Réseaux radio mobile professionnels);"30-87,5 (hors TV)";"";""
179435;PMR (Réseaux radio mobile professionnels);"30-87,5 (hors TV)";"";""
179443;PMR (Réseaux radio mobile professionnels);"30-87,5 (hors TV)";"";""
180454;PMR (Réseaux radio mobile professionnels);"30-87,5 (hors TV)";"";""
180797;PMR (Réseaux radio mobile professionnels);"30-87,5 (hors TV)";"";""
180908;PMR (Réseaux radio mobile professionnels);"30-87,5 (hors TV)";"";""
180914;PMR (Réseaux radio mobile professionnels);"30-87,5 (hors TV)";"";""
180915;PMR (Réseaux radio mobile professionnels);"30-87,5 (hors TV)";"";""
181035;PMR (Réseaux radio mobile professionnels);"30-87,5 (hors TV)";"";""
181438;PMR (Réseaux radio mobile professionnels);"30-87,5 (hors TV)";"";""
181518;PMR (Réseaux radio mobile professionnels);"30-87,5 (hors TV)";"";""
181520;PMR (Réseaux radio mobile professionnels);"30-87,5 (hors TV)";"";""
182195;PMR (Réseaux radio mobile professionnels);"30-87,5 (hors TV)";"";""
182212;PMR (Réseaux radio mobile professionnels);"30-87,5 (hors TV)";"";""
182723;PMR (Réseaux radio mobile professionnels);"30-87,5 (hors TV)";"";""
182726;PMR (Réseaux radio mobile professionnels);"30-87,5 (hors TV)";"";""
182750;PMR (Réseaux radio mobile professionnels);"30-87,5 (hors TV)";"";""
182752;PMR (Réseaux radio mobile professionnels);"30-87,5 (hors TV)";"";""
182753;PMR (Réseaux radio mobile professionnels);"30-87,5 (hors TV)";"";""
182762;PMR (Réseaux radio mobile professionnels);"30-87,5 (hors TV)";"";""
182769;PMR (Réseaux radio mobile professionnels);"30-87,5 (hors TV)";"";""
182773;PMR (Réseaux radio mobile professionnels);"30-87,5 (hors TV)";"";""
182825;PMR (Réseaux radio mobile professionnels);"30-87,5 (hors TV)";"";""
167769;PMR - balises;108– 880/921–925;"";""
167780;PMR - balises;108– 880/921–925;"";""
167788;PMR - balises;108– 880/921–925;"";""
168393;PMR - balises;108– 880/921–925;0.03;""
168568;PMR - balises;108– 880/921–925;"";""
168864;PMR - balises;108– 880/921–925;"";""
170073;PMR - balises;108– 880/921–925;"";""
170106;PMR - balises;108– 880/921–925;"";""
170165;PMR - balises;108– 880/921–925;"";""
170166;PMR - balises;108– 880/921–925;"";""
170179;PMR - balises;108– 880/921–925;"";""
170917;PMR - balises;108– 880/921–925;"";""
171804;PMR - balises;108– 880/921–925;"";""
172517;PMR - balises;108– 880/921–925;"";""
172632;PMR - balises;108– 880/921–925;0.02;""
172651;PMR - balises;108– 880/921–925;"";""
172653;PMR - balises;108– 880/921–925;"";""
172656;PMR - balises;108– 880/921–925;"";""
172732;PMR - balises;108– 880/921–925;"";""
172886;PMR - balises;108– 880/921–925;"";""
173204;PMR - balises;108– 880/921–925;"";""
173405;PMR - balises;108– 880/921–925;"";""
173428;PMR - balises;108– 880/921–925;"";""
173622;PMR - balises;108– 880/921–925;"";""
173623;PMR - balises;108– 880/921–925;"";""
173774;PMR - balises;108– 880/921–925;0.05;""
173776;PMR - balises;108– 880/921–925;"";""
174047;PMR - balises;108– 880/921–925;"";""
174051;PMR - balises;108– 880/921–925;"";""
174077;PMR - balises;108– 880/921–925;"";""
174286;PMR - balises;108– 880/921–925;"";""
175081;PMR - balises;108– 880/921–925;"";""
175207;PMR - balises;108– 880/921–925;"";""
176136;PMR - balises;108– 880/921–925;"";""
176289;PMR - balises;108– 880/921–925;"";""
176296;PMR - balises;108– 880/921–925;"";""
176637;PMR - balises;108– 880/921–925;"";""
176645;PMR - balises;108– 880/921–925;"";""
177116;PMR - balises;108– 880/921–925;"";""
177117;PMR - balises;108– 880/921–925;"";""
177130;PMR - balises;108– 880/921–925;"";""
177142;PMR - balises;108– 880/921–925;"";""
177158;PMR - balises;108– 880/921–925;"";""
177464;PMR - balises;108– 880/921–925;"";""
177649;PMR - balises;108– 880/921–925;"";""
177650;PMR - balises;108– 880/921–925;"";""
177664;PMR - balises;108– 880/921–925;"";""
177667;PMR - balises;108– 880/921–925;"";""
177699;PMR - balises;108– 880/921–925;"";""
178160;PMR - balises;108– 880/921–925;"";""
178285;PMR - balises;108– 880/921–925;"";""
178313;PMR - balises;108– 880/921–925;"";""
178360;PMR - balises;108– 880/921–925;0.06;""
178421;PMR - balises;108– 880/921–925;"";""
179117;PMR - balises;108– 880/921–925;"";""
179301;PMR - balises;108– 880/921–925;"";""
179309;PMR - balises;108– 880/921–925;"";""
179431;PMR - balises;108– 880/921–925;"";""
179435;PMR - balises;108– 880/921–925;0.07;""
179443;PMR - balises;108– 880/921–925;"";""
180454;PMR - balises;108– 880/921–925;"";""
180797;PMR - balises;108– 880/921–925;"";""
180908;PMR - balises;108– 880/921–925;"";""
180914;PMR - balises;108– 880/921–925;"";""
180915;PMR - balises;108– 880/921–925;"";""
181035;PMR - balises;108– 880/921–925;"";""
181438;PMR - balises;108– 880/921–925;"";""
181518;PMR - balises;108– 880/921–925;"";""
181520;PMR - balises;108– 880/921–925;"";""
182195;PMR - balises;108– 880/921–925;"";""
182212;PMR - balises;108– 880/921–925;"";""
182723;PMR - balises;108– 880/921–925;"";""
182726;PMR - balises;108– 880/921–925;"";""
182750;PMR - balises;108– 880/921–925;"";""
182752;PMR - balises;108– 880/921–925;"";""
182753;PMR - balises;108– 880/921–925;"";""
182762;PMR - balises;108– 880/921–925;"";""
182769;PMR - balises;108– 880/921–925;"";""
182773;PMR - balises;108– 880/921–925;"";""
182825;PMR - balises;108– 880/921–925;"";""
167769;Radars - balises - FH;960-1710;"";""
167780;Radars - balises - FH;960-1710;"";""
167788;Radars - balises - FH;960-1710;"";""
168393;Radars - balises - FH;960-1710;0.04;""
168568;Radars - balises - FH;960-1710;"";""
168864;Radars - balises - FH;960-1710;"";""
170073;Radars - balises - FH;960-1710;"";""
170106;Radars - balises - FH;960-1710;"";""
170165;Radars - balises - FH;960-1710;"";""
170166;Radars - balises - FH;960-1710;"";""
170179;Radars - balises - FH;960-1710;"";""
170917;Radars - balises - FH;960-1710;"";""
171804;Radars - balises - FH;960-1710;"";""
172517;Radars - balises - FH;960-1710;"";""
172632;Radars - balises - FH;960-1710;0.04;""
172651;Radars - balises - FH;960-1710;"";""
172653;Radars - balises - FH;960-1710;"";""
172656;Radars - balises - FH;960-1710;"";""
172732;Radars - balises - FH;960-1710;"";""
172886;Radars - balises - FH;960-1710;"";""
173204;Radars - balises - FH;960-1710;"";""
173405;Radars - balises - FH;960-1710;"";""
173428;Radars - balises - FH;960-1710;"";""
173622;Radars - balises - FH;960-1710;"";""
173623;Radars - balises - FH;960-1710;"";""
173774;Radars - balises - FH;960-1710;"";""
173776;Radars - balises - FH;960-1710;"";""
174047;Radars - balises - FH;960-1710;"";""
174051;Radars - balises - FH;960-1710;"";""
174077;Radars - balises - FH;960-1710;"";""
174286;Radars - balises - FH;960-1710;"";""
175081;Radars - balises - FH;960-1710;"";""
175207;Radars - balises - FH;960-1710;"";""
176136;Radars - balises - FH;960-1710;"";""
176289;Radars - balises - FH;960-1710;"";""
176296;Radars - balises - FH;960-1710;"";""
176637;Radars - balises - FH;960-1710;"";""
176645;Radars - balises - FH;960-1710;"";""
177116;Radars - balises - FH;960-1710;"";""
177117;Radars - balises - FH;960-1710;"";""
177130;Radars - balises - FH;960-1710;"";""
177142;Radars - balises - FH;960-1710;"";""
177158;Radars - balises - FH;960-1710;"";""
177464;Radars - balises - FH;960-1710;"";""
177649;Radars - balises - FH;960-1710;"";""
177650;Radars - balises - FH;960-1710;"";""
177664;Radars - balises - FH;960-1710;"";""
177667;Radars - balises - FH;960-1710;"";""
177699;Radars - balises - FH;960-1710;"";""
178160;Radars - balises - FH;960-1710;"";""
178285;Radars - balises - FH;960-1710;"";""
178313;Radars - balises - FH;960-1710;"";""
178360;Radars - balises - FH;960-1710;"";""
178421;Radars - balises - FH;960-1710;"";""
179117;Radars - balises - FH;960-1710;"";""
179301;Radars - balises - FH;960-1710;"";""
179309;Radars - balises - FH;960-1710;"";""
179431;Radars - balises - FH;960-1710;"";""
179435;Radars - balises - FH;960-1710;"";""
179443;Radars - balises - FH;960-1710;"";""
180454;Radars - balises - FH;960-1710;"";""
180797;Radars - balises - FH;960-1710;"";""
180908;Radars - balises - FH;960-1710;"";""
180914;Radars - balises - FH;960-1710;"";""
180915;Radars - balises - FH;960-1710;"";""
181035;Radars - balises - FH;960-1710;"";""
181438;Radars - balises - FH;960-1710;"";""
181518;Radars - balises - FH;960-1710;"";""
181520;Radars - balises - FH;960-1710;"";""
182195;Radars - balises - FH;960-1710;"";""
182212;Radars - balises - FH;960-1710;"";""
182723;Radars - balises - FH;960-1710;"";""
182726;Radars - balises - FH;960-1710;"";""
182750;Radars - balises - FH;960-1710;"";""
182752;Radars - balises - FH;960-1710;"";""
182753;Radars - balises - FH;960-1710;"";""
182762;Radars - balises - FH;960-1710;"";""
182769;Radars - balises - FH;960-1710;"";""
182773;Radars - balises - FH;960-1710;"";""
182825;Radars - balises - FH;960-1710;"";""
167769;Radar - BLR (Wimax)- FH;2200-6000 (hors Wi-Fi et TM);"";""
167780;Radar - BLR (Wimax)- FH;2200-6000 (hors Wi-Fi et TM);"";""
167788;Radar - BLR (Wimax)- FH;2200-6000 (hors Wi-Fi et TM);"";""
168393;Radar - BLR (Wimax)- FH;2200-6000 (hors Wi-Fi et TM);0.01;""
168568;Radar - BLR (Wimax)- FH;2200-6000 (hors Wi-Fi et TM);"";""
168864;Radar - BLR (Wimax)- FH;2200-6000 (hors Wi-Fi et TM);"";""
170073;Radar - BLR (Wimax)- FH;2200-6000 (hors Wi-Fi et TM);"";""
170106;Radar - BLR (Wimax)- FH;2200-6000 (hors Wi-Fi et TM);"";""
170165;Radar - BLR (Wimax)- FH;2200-6000 (hors Wi-Fi et TM);"";""
170166;Radar - BLR (Wimax)- FH;2200-6000 (hors Wi-Fi et TM);"";""
170179;Radar - BLR (Wimax)- FH;2200-6000 (hors Wi-Fi et TM);"";""
170917;Radar - BLR (Wimax)- FH;2200-6000 (hors Wi-Fi et TM);"";""
171804;Radar - BLR (Wimax)- FH;2200-6000 (hors Wi-Fi et TM);"";""
172517;Radar - BLR (Wimax)- FH;2200-6000 (hors Wi-Fi et TM);"";""
172632;Radar - BLR (Wimax)- FH;2200-6000 (hors Wi-Fi et TM);0.01;""
172651;Radar - BLR (Wimax)- FH;2200-6000 (hors Wi-Fi et TM);"";""
172653;Radar - BLR (Wimax)- FH;2200-6000 (hors Wi-Fi et TM);"";""
172656;Radar - BLR (Wimax)- FH;2200-6000 (hors Wi-Fi et TM);"";""
172732;Radar - BLR (Wimax)- FH;2200-6000 (hors Wi-Fi et TM);"";""
172886;Radar - BLR (Wimax)- FH;2200-6000 (hors Wi-Fi et TM);"";""
173204;Radar - BLR (Wimax)- FH;2200-6000 (hors Wi-Fi et TM);"";""
173405;Radar - BLR (Wimax)- FH;2200-6000 (hors Wi-Fi et TM);"";""
173428;Radar - BLR (Wimax)- FH;2200-6000 (hors Wi-Fi et TM);"";""
173622;Radar - BLR (Wimax)- FH;2200-6000 (hors Wi-Fi et TM);"";""
173623;Radar - BLR (Wimax)- FH;2200-6000 (hors Wi-Fi et TM);"";""
173774;Radar - BLR (Wimax)- FH;2200-6000 (hors Wi-Fi et TM);"";""
173776;Radar - BLR (Wimax)- FH;2200-6000 (hors Wi-Fi et TM);"";""
174047;Radar - BLR (Wimax)- FH;2200-6000 (hors Wi-Fi et TM);"";""
174051;Radar - BLR (Wimax)- FH;2200-6000 (hors Wi-Fi et TM);"";""
174077;Radar - BLR (Wimax)- FH;2200-6000 (hors Wi-Fi et TM);"";""
174286;Radar - BLR (Wimax)- FH;2200-6000 (hors Wi-Fi et TM);"";""
175081;Radar - BLR (Wimax)- FH;2200-6000 (hors Wi-Fi et TM);"";""
175207;Radar - BLR (Wimax)- FH;2200-6000 (hors Wi-Fi et TM);"";""
176136;Radar - BLR (Wimax)- FH;2200-6000 (hors Wi-Fi et TM);"";""
176289;Radar - BLR (Wimax)- FH;2200-6000 (hors Wi-Fi et TM);"";""
176296;Radar - BLR (Wimax)- FH;2200-6000 (hors Wi-Fi et TM);"";""
176637;Radar - BLR (Wimax)- FH;2200-6000 (hors Wi-Fi et TM);"";""
176645;Radar - BLR (Wimax)- FH;2200-6000 (hors Wi-Fi et TM);"";""
177116;Radar - BLR (Wimax)- FH;2200-6000 (hors Wi-Fi et TM);"";""
177117;Radar - BLR (Wimax)- FH;2200-6000 (hors Wi-Fi et TM);"";""
177130;Radar - BLR (Wimax)- FH;2200-6000 (hors Wi-Fi et TM);"";""
177142;Radar - BLR (Wimax)- FH;2200-6000 (hors Wi-Fi et TM);"";""
177158;Radar - BLR (Wimax)- FH;2200-6000 (hors Wi-Fi et TM);"";""
177464;Radar - BLR (Wimax)- FH;2200-6000 (hors Wi-Fi et TM);"";""
177649;Radar - BLR (Wimax)- FH;2200-6000 (hors Wi-Fi et TM);"";""
177650;Radar - BLR (Wimax)- FH;2200-6000 (hors Wi-Fi et TM);"";""
177664;Radar - BLR (Wimax)- FH;2200-6000 (hors Wi-Fi et TM);"";""
177667;Radar - BLR (Wimax)- FH;2200-6000 (hors Wi-Fi et TM);"";""
177699;Radar - BLR (Wimax)- FH;2200-6000 (hors Wi-Fi et TM);"";""
178160;Radar - BLR (Wimax)- FH;2200-6000 (hors Wi-Fi et TM);"";""
178285;Radar - BLR (Wimax)- FH;2200-6000 (hors Wi-Fi et TM);"";""
178313;Radar - BLR (Wimax)- FH;2200-6000 (hors Wi-Fi et TM);"";""
178360;Radar - BLR (Wimax)- FH;2200-6000 (hors Wi-Fi et TM);"";""
178421;Radar - BLR (Wimax)- FH;2200-6000 (hors Wi-Fi et TM);"";""
179117;Radar - BLR (Wimax)- FH;2200-6000 (hors Wi-Fi et TM);"";""
179301;Radar - BLR (Wimax)- FH;2200-6000 (hors Wi-Fi et TM);"";""
179309;Radar - BLR (Wimax)- FH;2200-6000 (hors Wi-Fi et TM);"";""
179431;Radar - BLR (Wimax)- FH;2200-6000 (hors Wi-Fi et TM);"";""
179435;Radar - BLR (Wimax)- FH;2200-6000 (hors Wi-Fi et TM);"";""
179443;Radar - BLR (Wimax)- FH;2200-6000 (hors Wi-Fi et TM);"";""
180454;Radar - BLR (Wimax)- FH;2200-6000 (hors Wi-Fi et TM);"";""
180797;Radar - BLR (Wimax)- FH;2200-6000 (hors Wi-Fi et TM);"";""
180908;Radar - BLR (Wimax)- FH;2200-6000 (hors Wi-Fi et TM);"";""
180914;Radar - BLR (Wimax)- FH;2200-6000 (hors Wi-Fi et TM);0.13;""
180915;Radar - BLR (Wimax)- FH;2200-6000 (hors Wi-Fi et TM);"";""
181035;Radar - BLR (Wimax)- FH;2200-6000 (hors Wi-Fi et TM);"";""
181438;Radar - BLR (Wimax)- FH;2200-6000 (hors Wi-Fi et TM);"";""
181518;Radar - BLR (Wimax)- FH;2200-6000 (hors Wi-Fi et TM);"";""
181520;Radar - BLR (Wimax)- FH;2200-6000 (hors Wi-Fi et TM);"";""
182195;Radar - BLR (Wimax)- FH;2200-6000 (hors Wi-Fi et TM);"";""
182212;Radar - BLR (Wimax)- FH;2200-6000 (hors Wi-Fi et TM);"";""
182723;Radar - BLR (Wimax)- FH;2200-6000 (hors Wi-Fi et TM);"";""
182726;Radar - BLR (Wimax)- FH;2200-6000 (hors Wi-Fi et TM);"";""
182750;Radar - BLR (Wimax)- FH;2200-6000 (hors Wi-Fi et TM);"";""
182752;Radar - BLR (Wimax)- FH;2200-6000 (hors Wi-Fi et TM);"";""
182753;Radar - BLR (Wimax)- FH;2200-6000 (hors Wi-Fi et TM);"";""
182762;Radar - BLR (Wimax)- FH;2200-6000 (hors Wi-Fi et TM);"";""
182769;Radar - BLR (Wimax)- FH;2200-6000 (hors Wi-Fi et TM);"";""
182773;Radar - BLR (Wimax)- FH;2200-6000 (hors Wi-Fi et TM);"";""
182825;Radar - BLR (Wimax)- FH;2200-6000 (hors Wi-Fi et TM);"";""
167769;TM 1800;1805-1880;0.37;""
167780;TM 1800;1805-1880;0.18;""
167788;TM 1800;1805-1880;0.24;""
168393;TM 1800;1805-1880;0.03;""
168568;TM 1800;1805-1880;0.18;""
168864;TM 1800;1805-1880;4.01;10.75
170073;TM 1800;1805-1880;0.84;""
170106;TM 1800;1805-1880;"";""
170165;TM 1800;1805-1880;0.16;""
170166;TM 1800;1805-1880;0.94;""
170179;TM 1800;1805-1880;"";""
170917;TM 1800;1805-1880;0.29;""
171804;TM 1800;1805-1880;0.24;""
172517;TM 1800;1805-1880;0.52;""
172632;TM 1800;1805-1880;0.47;""
172651;TM 1800;1805-1880;0.27;""
172653;TM 1800;1805-1880;0.13;""
172656;TM 1800;1805-1880;0.18;""
172732;TM 1800;1805-1880;2.44;""
172886;TM 1800;1805-1880;0.16;""
173204;TM 1800;1805-1880;0.28;""
173405;TM 1800;1805-1880;0.9;""
173428;TM 1800;1805-1880;0.45;""
173622;TM 1800;1805-1880;0.62;""
173623;TM 1800;1805-1880;1.01;""
173774;TM 1800;1805-1880;0.42;""
173776;TM 1800;1805-1880;0.5;""
174047;TM 1800;1805-1880;0.69;""
174051;TM 1800;1805-1880;0.59;""
174077;TM 1800;1805-1880;"";""
174286;TM 1800;1805-1880;0.22;""
175081;TM 1800;1805-1880;0.18;""
175207;TM 1800;1805-1880;"";""
176136;TM 1800;1805-1880;"";""
176289;TM 1800;1805-1880;"";""
176296;TM 1800;1805-1880;"";""
176637;TM 1800;1805-1880;0.11;""
176645;TM 1800;1805-1880;"";""
177116;TM 1800;1805-1880;0.18;""
177117;TM 1800;1805-1880;0.96;""
177130;TM 1800;1805-1880;0.26;""
177142;TM 1800;1805-1880;0.4;""
177158;TM 1800;1805-1880;0.27;""
177464;TM 1800;1805-1880;1.52;""
177649;TM 1800;1805-1880;1.23;""
177650;TM 1800;1805-1880;0.78;""
177664;TM 1800;1805-1880;0.54;""
177667;TM 1800;1805-1880;0.7;""
177699;TM 1800;1805-1880;0.59;""
178160;TM 1800;1805-1880;0.83;""
178285;TM 1800;1805-1880;0.17;""
178313;TM 1800;1805-1880;0.05;""
178360;TM 1800;1805-1880;0.35;""
178421;TM 1800;1805-1880;0.34;""
179117;TM 1800;1805-1880;0.11;""
179301;TM 1800;1805-1880;"";""
179309;TM 1800;1805-1880;"";""
179431;TM 1800;1805-1880;"";""
179435;TM 1800;1805-1880;0.62;""
179443;TM 1800;1805-1880;0.1;""
180454;TM 1800;1805-1880;0.05;""
180797;TM 1800;1805-1880;0.35;""
180908;TM 1800;1805-1880;"";""
180914;TM 1800;1805-1880;"";""
180915;TM 1800;1805-1880;"";""
181035;TM 1800;1805-1880;0.34;""
181438;TM 1800;1805-1880;3.01;7.97
181518;TM 1800;1805-1880;0.17;""
181520;TM 1800;1805-1880;0.26;""
182195;TM 1800;1805-1880;0.21;""
182212;TM 1800;1805-1880;0.06;""
182723;TM 1800;1805-1880;0.48;""
182726;TM 1800;1805-1880;0.22;""
182750;TM 1800;1805-1880;0.54;""
182752;TM 1800;1805-1880;0.36;""
182753;TM 1800;1805-1880;0.5;""
182762;TM 1800;1805-1880;0.45;""
182769;TM 1800;1805-1880;0.53;""
182773;TM 1800;1805-1880;0.71;""
182825;TM 1800;1805-1880;0.41;""
167769;TM 2100;2100-2170;1.09;""
167780;TM 2100;2100-2170;0.25;""
167788;TM 2100;2100-2170;0.28;""
168393;TM 2100;2100-2170;0.03;""
168568;TM 2100;2100-2170;0.3;""
168864;TM 2100;2100-2170;0.93;4.19
170073;TM 2100;2100-2170;0.86;""
170106;TM 2100;2100-2170;"";""
170165;TM 2100;2100-2170;0.11;""
170166;TM 2100;2100-2170;0.23;""
170179;TM 2100;2100-2170;"";""
170917;TM 2100;2100-2170;0.26;""
171804;TM 2100;2100-2170;0.35;""
172517;TM 2100;2100-2170;0.55;""
172632;TM 2100;2100-2170;0.65;""
172651;TM 2100;2100-2170;0.11;""
172653;TM 2100;2100-2170;0.28;""
172656;TM 2100;2100-2170;0.43;""
172732;TM 2100;2100-2170;2.11;""
172886;TM 2100;2100-2170;0.15;""
173204;TM 2100;2100-2170;0.33;""
173405;TM 2100;2100-2170;1.1;""
173428;TM 2100;2100-2170;0.47;""
173622;TM 2100;2100-2170;0.44;""
173623;TM 2100;2100-2170;0.58;""
173774;TM 2100;2100-2170;0.42;""
173776;TM 2100;2100-2170;0.5;""
174047;TM 2100;2100-2170;0.62;""
174051;TM 2100;2100-2170;0.81;""
174077;TM 2100;2100-2170;"";""
174286;TM 2100;2100-2170;0.34;""
175081;TM 2100;2100-2170;0.12;""
175207;TM 2100;2100-2170;"";""
176136;TM 2100;2100-2170;"";""
176289;TM 2100;2100-2170;"";""
176296;TM 2100;2100-2170;"";""
176637;TM 2100;2100-2170;0.06;""
176645;TM 2100;2100-2170;"";""
177116;TM 2100;2100-2170;0.06;""
177117;TM 2100;2100-2170;0.81;""
177130;TM 2100;2100-2170;0.22;""
177142;TM 2100;2100-2170;0.38;""
177158;TM 2100;2100-2170;0.25;""
177464;TM 2100;2100-2170;0.07;""
177649;TM 2100;2100-2170;1.04;""
177650;TM 2100;2100-2170;0.38;""
177664;TM 2100;2100-2170;0.83;""
177667;TM 2100;2100-2170;0.96;""
177699;TM 2100;2100-2170;0.58;""
178160;TM 2100;2100-2170;0.78;""
178285;TM 2100;2100-2170;0.07;""
178313;TM 2100;2100-2170;"";""
178360;TM 2100;2100-2170;0.34;""
178421;TM 2100;2100-2170;0.31;""
179117;TM 2100;2100-2170;0.06;""
179301;TM 2100;2100-2170;"";""
179309;TM 2100;2100-2170;"";""
179431;TM 2100;2100-2170;"";""
179435;TM 2100;2100-2170;1.91;""
179443;TM 2100;2100-2170;0.13;""
180454;TM 2100;2100-2170;0.06;""
180797;TM 2100;2100-2170;0.4;""
180908;TM 2100;2100-2170;"";""
180914;TM 2100;2100-2170;"";""
180915;TM 2100;2100-2170;"";""
181035;TM 2100;2100-2170;1.59;""
181438;TM 2100;2100-2170;3.08;7.21
181518;TM 2100;2100-2170;0.14;""
181520;TM 2100;2100-2170;0.5;""
182195;TM 2100;2100-2170;0.38;""
182212;TM 2100;2100-2170;"";""
182723;TM 2100;2100-2170;0.46;""
182726;TM 2100;2100-2170;0.78;""
182750;TM 2100;2100-2170;1.17;""
182752;TM 2100;2100-2170;0.53;""
182753;TM 2100;2100-2170;0.46;""
182762;TM 2100;2100-2170;0.57;""
182769;TM 2100;2100-2170;0.76;""
182773;TM 2100;2100-2170;0.53;""
182825;TM 2100;2100-2170;0.57;""
167769;TM 900;925-960;0.61;""
167780;TM 900;925-960;0.26;""
167788;TM 900;925-960;0.21;""
168393;TM 900;925-960;0.03;""
168568;TM 900;925-960;0.87;""
168864;TM 900;925-960;3.16;6.04
170073;TM 900;925-960;1.44;""
170106;TM 900;925-960;0.12;""
170165;TM 900;925-960;0.11;""
170166;TM 900;925-960;0.65;""
170179;TM 900;925-960;"";""
170917;TM 900;925-960;0.34;""
171804;TM 900;925-960;0.18;""
172517;TM 900;925-960;0.18;""
172632;TM 900;925-960;0.01;""
172651;TM 900;925-960;0.2;""
172653;TM 900;925-960;0.14;""
172656;TM 900;925-960;0.14;""
172732;TM 900;925-960;1.13;""
172886;TM 900;925-960;0.43;""
173204;TM 900;925-960;0.25;""
173405;TM 900;925-960;0.75;""
173428;TM 900;925-960;0.52;""
173622;TM 900;925-960;0.42;""
173623;TM 900;925-960;0.98;""
173774;TM 900;925-960;0.53;""
173776;TM 900;925-960;0.27;""
174047;TM 900;925-960;1.17;""
174051;TM 900;925-960;1.1;""
174077;TM 900;925-960;"";""
174286;TM 900;925-960;0.36;""
175081;TM 900;925-960;0.24;""
175207;TM 900;925-960;0.11;""
176136;TM 900;925-960;0.15;""
176289;TM 900;925-960;"";""
176296;TM 900;925-960;"";""
176637;TM 900;925-960;"";""
176645;TM 900;925-960;"";""
177116;TM 900;925-960;0.15;""
177117;TM 900;925-960;0.42;""
177130;TM 900;925-960;0.24;""
177142;TM 900;925-960;0.34;""
177158;TM 900;925-960;0.58;""
177464;TM 900;925-960;0.73;""
177649;TM 900;925-960;1.57;""
177650;TM 900;925-960;0.41;""
177664;TM 900;925-960;0.89;""
177667;TM 900;925-960;0.7;""
177699;TM 900;925-960;1.01;""
178160;TM 900;925-960;0.72;""
178285;TM 900;925-960;0.23;""
178313;TM 900;925-960;0.08;""
178360;TM 900;925-960;0.3;""
178421;TM 900;925-960;0.23;""
179117;TM 900;925-960;0.1;""
179301;TM 900;925-960;0.11;""
179309;TM 900;925-960;0.13;""
179431;TM 900;925-960;0.07;""
179435;TM 900;925-960;0.52;""
179443;TM 900;925-960;0.25;""
180454;TM 900;925-960;0.06;""
180797;TM 900;925-960;0.27;""
180908;TM 900;925-960;0.08;""
180914;TM 900;925-960;0.07;""
180915;TM 900;925-960;"";""
181035;TM 900;925-960;1.51;""
181438;TM 900;925-960;2.62;3.38
181518;TM 900;925-960;0.39;""
181520;TM 900;925-960;0.35;""
182195;TM 900;925-960;0.38;""
182212;TM 900;925-960;0.05;""
182723;TM 900;925-960;0.33;""
182726;TM 900;925-960;0.28;""
182750;TM 900;925-960;0.74;""
182752;TM 900;925-960;0.84;""
182753;TM 900;925-960;0.88;""
182762;TM 900;925-960;0.54;""
182769;TM 900;925-960;0.79;""
182773;TM 900;925-960;0.81;""
182825;TM 900;925-960;0.28;""
167769;TV;47-68/470-790;0.12;""
167780;TV;47-68/470-790;"";""
167788;TV;47-68/470-790;"";""
168393;TV;47-68/470-790;0.08;""
168568;TV;47-68/470-790;"";""
168864;TV;47-68/470-790;"";""
170073;TV;47-68/470-790;0.06;""
170106;TV;47-68/470-790;"";""
170165;TV;47-68/470-790;"";""
170166;TV;47-68/470-790;0.15;""
170179;TV;47-68/470-790;0.22;""
170917;TV;47-68/470-790;"";""
171804;TV;47-68/470-790;"";""
172517;TV;47-68/470-790;0.07;""
172632;TV;47-68/470-790;0.02;""
172651;TV;47-68/470-790;0.12;""
172653;TV;47-68/470-790;"";""
172656;TV;47-68/470-790;"";""
172732;TV;47-68/470-790;0.07;""
172886;TV;47-68/470-790;0.05;""
173204;TV;47-68/470-790;0.09;""
173405;TV;47-68/470-790;0.16;""
173428;TV;47-68/470-790;0.12;""
173622;TV;47-68/470-790;"";""
173623;TV;47-68/470-790;"";""
173774;TV;47-68/470-790;"";""
173776;TV;47-68/470-790;0.05;""
174047;TV;47-68/470-790;"";""
174051;TV;47-68/470-790;0.24;""
174077;TV;47-68/470-790;0.27;""
174286;TV;47-68/470-790;0.27;""
175081;TV;47-68/470-790;0.46;""
175207;TV;47-68/470-790;"";""
176136;TV;47-68/470-790;0.09;""
176289;TV;47-68/470-790;"";""
176296;TV;47-68/470-790;"";""
176637;TV;47-68/470-790;"";""
176645;TV;47-68/470-790;0.28;""
177116;TV;47-68/470-790;"";""
177117;TV;47-68/470-790;0.05;""
177130;TV;47-68/470-790;"";""
177142;TV;47-68/470-790;0.25;""
177158;TV;47-68/470-790;0.12;""
177464;TV;47-68/470-790;"";""
177649;TV;47-68/470-790;0.21;""
177650;TV;47-68/470-790;"";""
177664;TV;47-68/470-790;0.11;""
177667;TV;47-68/470-790;"";""
177699;TV;47-68/470-790;"";""
178160;TV;47-68/470-790;"";""
178285;TV;47-68/470-790;0.53;""
178313;TV;47-68/470-790;0.05;""
178360;TV;47-68/470-790;"";""
178421;TV;47-68/470-790;"";""
179117;TV;47-68/470-790;"";""
179301;TV;47-68/470-790;0.05;""
179309;TV;47-68/470-790;"";""
179431;TV;47-68/470-790;"";""
179435;TV;47-68/470-790;"";""
179443;TV;47-68/470-790;0.14;""
180454;TV;47-68/470-790;0.2;""
180797;TV;47-68/470-790;0.07;""
180908;TV;47-68/470-790;"";""
180914;TV;47-68/470-790;"";""
180915;TV;47-68/470-790;"";""
181035;TV;47-68/470-790;0.07;""
181438;TV;47-68/470-790;0.29;""
181518;TV;47-68/470-790;"";""
181520;TV;47-68/470-790;0.08;""
182195;TV;47-68/470-790;0.37;""
182212;TV;47-68/470-790;"";""
182723;TV;47-68/470-790;0.24;""
182726;TV;47-68/470-790;"";""
182750;TV;47-68/470-790;0.12;""
182752;TV;47-68/470-790;0.17;""
182753;TV;47-68/470-790;"";""
182762;TV;47-68/470-790;0.12;""
182769;TV;47-68/470-790;"";""
182773;TV;47-68/470-790;"";""
182825;TV;47-68/470-790;"";""
167769;Réseaux locaux radioélectriques ou Wifi;2400-2483/5150-5350/5470-5725;"";""
167780;Réseaux locaux radioélectriques ou Wifi;2400-2483/5150-5350/5470-5725;"";""
167788;Réseaux locaux radioélectriques ou Wifi;2400-2483/5150-5350/5470-5725;"";""
168393;Réseaux locaux radioélectriques ou Wifi;2400-2483/5150-5350/5470-5725;0.15;""
168568;Réseaux locaux radioélectriques ou Wifi;2400-2483/5150-5350/5470-5725;"";""
168864;Réseaux locaux radioélectriques ou Wifi;2400-2483/5150-5350/5470-5725;"";""
170073;Réseaux locaux radioélectriques ou Wifi;2400-2483/5150-5350/5470-5725;"";""
170106;Réseaux locaux radioélectriques ou Wifi;2400-2483/5150-5350/5470-5725;0.32;""
170165;Réseaux locaux radioélectriques ou Wifi;2400-2483/5150-5350/5470-5725;"";""
170166;Réseaux locaux radioélectriques ou Wifi;2400-2483/5150-5350/5470-5725;"";""
170179;Réseaux locaux radioélectriques ou Wifi;2400-2483/5150-5350/5470-5725;"";""
170917;Réseaux locaux radioélectriques ou Wifi;2400-2483/5150-5350/5470-5725;"";""
171804;Réseaux locaux radioélectriques ou Wifi;2400-2483/5150-5350/5470-5725;"";""
172517;Réseaux locaux radioélectriques ou Wifi;2400-2483/5150-5350/5470-5725;"";""
172632;Réseaux locaux radioélectriques ou Wifi;2400-2483/5150-5350/5470-5725;0.12;""
172651;Réseaux locaux radioélectriques ou Wifi;2400-2483/5150-5350/5470-5725;"";""
172653;Réseaux locaux radioélectriques ou Wifi;2400-2483/5150-5350/5470-5725;"";""
172656;Réseaux locaux radioélectriques ou Wifi;2400-2483/5150-5350/5470-5725;"";""
172732;Réseaux locaux radioélectriques ou Wifi;2400-2483/5150-5350/5470-5725;0.05;""
172886;Réseaux locaux radioélectriques ou Wifi;2400-2483/5150-5350/5470-5725;0.14;""
173204;Réseaux locaux radioélectriques ou Wifi;2400-2483/5150-5350/5470-5725;"";""
173405;Réseaux locaux radioélectriques ou Wifi;2400-2483/5150-5350/5470-5725;"";""
173428;Réseaux locaux radioélectriques ou Wifi;2400-2483/5150-5350/5470-5725;"";""
173622;Réseaux locaux radioélectriques ou Wifi;2400-2483/5150-5350/5470-5725;"";""
173623;Réseaux locaux radioélectriques ou Wifi;2400-2483/5150-5350/5470-5725;"";""
173774;Réseaux locaux radioélectriques ou Wifi;2400-2483/5150-5350/5470-5725;"";""
173776;Réseaux locaux radioélectriques ou Wifi;2400-2483/5150-5350/5470-5725;"";""
174047;Réseaux locaux radioélectriques ou Wifi;2400-2483/5150-5350/5470-5725;"";""
174051;Réseaux locaux radioélectriques ou Wifi;2400-2483/5150-5350/5470-5725;"";""
174077;Réseaux locaux radioélectriques ou Wifi;2400-2483/5150-5350/5470-5725;"";""
174286;Réseaux locaux radioélectriques ou Wifi;2400-2483/5150-5350/5470-5725;"";""
175081;Réseaux locaux radioélectriques ou Wifi;2400-2483/5150-5350/5470-5725;"";""
175207;Réseaux locaux radioélectriques ou Wifi;2400-2483/5150-5350/5470-5725;"";""
176136;Réseaux locaux radioélectriques ou Wifi;2400-2483/5150-5350/5470-5725;"";""
176289;Réseaux locaux radioélectriques ou Wifi;2400-2483/5150-5350/5470-5725;0.08;""
176296;Réseaux locaux radioélectriques ou Wifi;2400-2483/5150-5350/5470-5725;"";""
176637;Réseaux locaux radioélectriques ou Wifi;2400-2483/5150-5350/5470-5725;"";""
176645;Réseaux locaux radioélectriques ou Wifi;2400-2483/5150-5350/5470-5725;"";""
177116;Réseaux locaux radioélectriques ou Wifi;2400-2483/5150-5350/5470-5725;"";""
177117;Réseaux locaux radioélectriques ou Wifi;2400-2483/5150-5350/5470-5725;"";""
177130;Réseaux locaux radioélectriques ou Wifi;2400-2483/5150-5350/5470-5725;"";""
177142;Réseaux locaux radioélectriques ou Wifi;2400-2483/5150-5350/5470-5725;"";""
177158;Réseaux locaux radioélectriques ou Wifi;2400-2483/5150-5350/5470-5725;"";""
177464;Réseaux locaux radioélectriques ou Wifi;2400-2483/5150-5350/5470-5725;"";""
177649;Réseaux locaux radioélectriques ou Wifi;2400-2483/5150-5350/5470-5725;"";""
177650;Réseaux locaux radioélectriques ou Wifi;2400-2483/5150-5350/5470-5725;"";""
177664;Réseaux locaux radioélectriques ou Wifi;2400-2483/5150-5350/5470-5725;"";""
177667;Réseaux locaux radioélectriques ou Wifi;2400-2483/5150-5350/5470-5725;"";""
177699;Réseaux locaux radioélectriques ou Wifi;2400-2483/5150-5350/5470-5725;"";""
178160;Réseaux locaux radioélectriques ou Wifi;2400-2483/5150-5350/5470-5725;"";""
178285;Réseaux locaux radioélectriques ou Wifi;2400-2483/5150-5350/5470-5725;"";""
178313;Réseaux locaux radioélectriques ou Wifi;2400-2483/5150-5350/5470-5725;"";""
178360;Réseaux locaux radioélectriques ou Wifi;2400-2483/5150-5350/5470-5725;"";""
178421;Réseaux locaux radioélectriques ou Wifi;2400-2483/5150-5350/5470-5725;"";""
179117;Réseaux locaux radioélectriques ou Wifi;2400-2483/5150-5350/5470-5725;"";""
179301;Réseaux locaux radioélectriques ou Wifi;2400-2483/5150-5350/5470-5725;"";""
179309;Réseaux locaux radioélectriques ou Wifi;2400-2483/5150-5350/5470-5725;"";""
179431;Réseaux locaux radioélectriques ou Wifi;2400-2483/5150-5350/5470-5725;"";""
179435;Réseaux locaux radioélectriques ou Wifi;2400-2483/5150-5350/5470-5725;"";""
179443;Réseaux locaux radioélectriques ou Wifi;2400-2483/5150-5350/5470-5725;"";""
180454;Réseaux locaux radioélectriques ou Wifi;2400-2483/5150-5350/5470-5725;"";""
180797;Réseaux locaux radioélectriques ou Wifi;2400-2483/5150-5350/5470-5725;"";""
180908;Réseaux locaux radioélectriques ou Wifi;2400-2483/5150-5350/5470-5725;"";""
180914;Réseaux locaux radioélectriques ou Wifi;2400-2483/5150-5350/5470-5725;"";""
180915;Réseaux locaux radioélectriques ou Wifi;2400-2483/5150-5350/5470-5725;"";""
181035;Réseaux locaux radioélectriques ou Wifi;2400-2483/5150-5350/5470-5725;"";""
181438;Réseaux locaux radioélectriques ou Wifi;2400-2483/5150-5350/5470-5725;"";""
181518;Réseaux locaux radioélectriques ou Wifi;2400-2483/5150-5350/5470-5725;"";""
181520;Réseaux locaux radioélectriques ou Wifi;2400-2483/5150-5350/5470-5725;"";""
182195;Réseaux locaux radioélectriques ou Wifi;2400-2483/5150-5350/5470-5725;"";""
182212;Réseaux locaux radioélectriques ou Wifi;2400-2483/5150-5350/5470-5725;"";""
182723;Réseaux locaux radioélectriques ou Wifi;2400-2483/5150-5350/5470-5725;"";""
182726;Réseaux locaux radioélectriques ou Wifi;2400-2483/5150-5350/5470-5725;"";""
182750;Réseaux locaux radioélectriques ou Wifi;2400-2483/5150-5350/5470-5725;"";""
182752;Réseaux locaux radioélectriques ou Wifi;2400-2483/5150-5350/5470-5725;"";""
182753;Réseaux locaux radioélectriques ou Wifi;2400-2483/5150-5350/5470-5725;"";""
182762;Réseaux locaux radioélectriques ou Wifi;2400-2483/5150-5350/5470-5725;"";""
182769;Réseaux locaux radioélectriques ou Wifi;2400-2483/5150-5350/5470-5725;"";""
182773;Réseaux locaux radioélectriques ou Wifi;2400-2483/5150-5350/5470-5725;"";""
182825;Réseaux locaux radioélectriques ou Wifi;2400-2483/5150-5350/5470-5725;"";""
167769;TM 800;791-821;0.49;""
167780;TM 800;791-821;0.3;""
167788;TM 800;791-821;0.13;""
168393;TM 800;791-821;0.03;""
168568;TM 800;791-821;0.69;""
168864;TM 800;791-821;2.58;9.0
170073;TM 800;791-821;1.07;""
170106;TM 800;791-821;0.05;""
170165;TM 800;791-821;0.17;""
170166;TM 800;791-821;0.5;""
170179;TM 800;791-821;"";""
170917;TM 800;791-821;0.5;""
171804;TM 800;791-821;0.32;""
172517;TM 800;791-821;0.18;""
172632;TM 800;791-821;0.01;""
172651;TM 800;791-821;0.16;""
172653;TM 800;791-821;0.17;""
172656;TM 800;791-821;0.28;""
172732;TM 800;791-821;1.08;""
172886;TM 800;791-821;0.36;""
173204;TM 800;791-821;0.25;""
173405;TM 800;791-821;0.42;""
173428;TM 800;791-821;0.66;""
173622;TM 800;791-821;0.7;""
173623;TM 800;791-821;1.66;""
173774;TM 800;791-821;0.51;""
173776;TM 800;791-821;0.23;""
174047;TM 800;791-821;0.75;""
174051;TM 800;791-821;0.49;""
174077;TM 800;791-821;"";""
174286;TM 800;791-821;0.27;""
175081;TM 800;791-821;0.17;""
175207;TM 800;791-821;"";""
176136;TM 800;791-821;0.18;""
176289;TM 800;791-821;"";""
176296;TM 800;791-821;"";""
176637;TM 800;791-821;"";""
176645;TM 800;791-821;"";""
177116;TM 800;791-821;0.17;""
177117;TM 800;791-821;0.36;""
177130;TM 800;791-821;0.19;""
177142;TM 800;791-821;0.27;""
177158;TM 800;791-821;0.45;""
177464;TM 800;791-821;1.15;""
177649;TM 800;791-821;0.56;""
177650;TM 800;791-821;0.4;""
177664;TM 800;791-821;0.54;""
177667;TM 800;791-821;0.63;""
177699;TM 800;791-821;1.68;""
178160;TM 800;791-821;0.74;""
178285;TM 800;791-821;0.19;""
178313;TM 800;791-821;0.08;""
178360;TM 800;791-821;0.47;""
178421;TM 800;791-821;0.36;""
179117;TM 800;791-821;0.22;""
179301;TM 800;791-821;0.06;""
179309;TM 800;791-821;"";""
179431;TM 800;791-821;0.08;""
179435;TM 800;791-821;0.38;""
179443;TM 800;791-821;0.12;""
180454;TM 800;791-821;"";""
180797;TM 800;791-821;0.26;""
180908;TM 800;791-821;0.06;""
180914;TM 800;791-821;"";""
180915;TM 800;791-821;"";""
181035;TM 800;791-821;0.55;""
181438;TM 800;791-821;1.93;4.07
181518;TM 800;791-821;0.17;""
181520;TM 800;791-821;0.31;""
182195;TM 800;791-821;0.32;""
182212;TM 800;791-821;"";""
182723;TM 800;791-821;0.27;""
182726;TM 800;791-821;0.43;""
182750;TM 800;791-821;0.44;""
182752;TM 800;791-821;0.42;""
182753;TM 800;791-821;1.81;""
182762;TM 800;791-821;0.33;""
182769;TM 800;791-821;0.36;""
182773;TM 800;791-821;0.78;""
182825;TM 800;791-821;0.14;""
167769;TM 2600;2620-2690;0.53;""
167780;TM 2600;2620-2690;0.19;""
167788;TM 2600;2620-2690;0.33;""
168393;TM 2600;2620-2690;0.02;""
168568;TM 2600;2620-2690;0.28;""
168864;TM 2600;2620-2690;2.07;10.57
170073;TM 2600;2620-2690;2.4;""
170106;TM 2600;2620-2690;"";""
170165;TM 2600;2620-2690;0.12;""
170166;TM 2600;2620-2690;0.51;""
170179;TM 2600;2620-2690;"";""
170917;TM 2600;2620-2690;0.36;""
171804;TM 2600;2620-2690;0.23;""
172517;TM 2600;2620-2690;0.74;""
172632;TM 2600;2620-2690;1.02;""
172651;TM 2600;2620-2690;0.17;""
172653;TM 2600;2620-2690;0.14;""
172656;TM 2600;2620-2690;0.12;""
172732;TM 2600;2620-2690;0.91;""
172886;TM 2600;2620-2690;0.11;""
173204;TM 2600;2620-2690;0.27;""
173405;TM 2600;2620-2690;1.22;""
173428;TM 2600;2620-2690;0.4;""
173622;TM 2600;2620-2690;0.34;""
173623;TM 2600;2620-2690;0.35;""
173774;TM 2600;2620-2690;0.89;""
173776;TM 2600;2620-2690;0.33;""
174047;TM 2600;2620-2690;0.41;""
174051;TM 2600;2620-2690;0.75;""
174077;TM 2600;2620-2690;"";""
174286;TM 2600;2620-2690;0.23;""
175081;TM 2600;2620-2690;0.14;""
175207;TM 2600;2620-2690;"";""
176136;TM 2600;2620-2690;"";""
176289;TM 2600;2620-2690;"";""
176296;TM 2600;2620-2690;"";""
176637;TM 2600;2620-2690;"";""
176645;TM 2600;2620-2690;"";""
177116;TM 2600;2620-2690;0.11;""
177117;TM 2600;2620-2690;0.59;""
177130;TM 2600;2620-2690;0.27;""
177142;TM 2600;2620-2690;0.21;""
177158;TM 2600;2620-2690;0.29;""
177464;TM 2600;2620-2690;0.28;""
177649;TM 2600;2620-2690;0.81;""
177650;TM 2600;2620-2690;0.33;""
177664;TM 2600;2620-2690;1.66;""
177667;TM 2600;2620-2690;1.48;""
177699;TM 2600;2620-2690;0.43;""
178160;TM 2600;2620-2690;0.12;""
178285;TM 2600;2620-2690;0.13;""
178313;TM 2600;2620-2690;"";""
178360;TM 2600;2620-2690;0.2;""
178421;TM 2600;2620-2690;0.14;""
179117;TM 2600;2620-2690;0.06;""
179301;TM 2600;2620-2690;"";""
179309;TM 2600;2620-2690;"";""
179431;TM 2600;2620-2690;0.07;""
179435;TM 2600;2620-2690;1.17;""
179443;TM 2600;2620-2690;0.09;""
180454;TM 2600;2620-2690;"";""
180797;TM 2600;2620-2690;0.31;""
180908;TM 2600;2620-2690;"";""
180914;TM 2600;2620-2690;"";""
180915;TM 2600;2620-2690;"";""
181035;TM 2600;2620-2690;0.91;""
181438;TM 2600;2620-2690;1.92;4.49
181518;TM 2600;2620-2690;0.13;""
181520;TM 2600;2620-2690;0.31;""
182195;TM 2600;2620-2690;0.36;""
182212;TM 2600;2620-2690;"";""
182723;TM 2600;2620-2690;0.32;""
182726;TM 2600;2620-2690;0.3;""
182750;TM 2600;2620-2690;0.75;""
182752;TM 2600;2620-2690;0.67;""
182753;TM 2600;2620-2690;0.33;""
182762;TM 2600;2620-2690;0.4;""
182769;TM 2600;2620-2690;0.76;""
182773;TM 2600;2620-2690;0.76;""
182825;TM 2600;2620-2690;0.41;""
167769;TM 700 (Téléphonie Mobile en 700 MHz);703-788;0.33;""
167780;TM 700 (Téléphonie Mobile en 700 MHz);703-788;0.08;""
167788;TM 700 (Téléphonie Mobile en 700 MHz);703-788;0.57;""
168393;TM 700 (Téléphonie Mobile en 700 MHz);703-788;0.01;""
168568;TM 700 (Téléphonie Mobile en 700 MHz);703-788;0.57;""
168864;TM 700 (Téléphonie Mobile en 700 MHz);703-788;2.6;10.24
170073;TM 700 (Téléphonie Mobile en 700 MHz);703-788;0.92;""
170106;TM 700 (Téléphonie Mobile en 700 MHz);703-788;"";""
170165;TM 700 (Téléphonie Mobile en 700 MHz);703-788;0.09;""
170166;TM 700 (Téléphonie Mobile en 700 MHz);703-788;0.52;""
170179;TM 700 (Téléphonie Mobile en 700 MHz);703-788;"";""
170917;TM 700 (Téléphonie Mobile en 700 MHz);703-788;0.1;""
171804;TM 700 (Téléphonie Mobile en 700 MHz);703-788;0.17;""
172517;TM 700 (Téléphonie Mobile en 700 MHz);703-788;0.42;""
172632;TM 700 (Téléphonie Mobile en 700 MHz);703-788;0.01;""
172651;TM 700 (Téléphonie Mobile en 700 MHz);703-788;0.08;""
172653;TM 700 (Téléphonie Mobile en 700 MHz);703-788;"";""
172656;TM 700 (Téléphonie Mobile en 700 MHz);703-788;0.08;""
172732;TM 700 (Téléphonie Mobile en 700 MHz);703-788;0.62;""
172886;TM 700 (Téléphonie Mobile en 700 MHz);703-788;0.32;""
173204;TM 700 (Téléphonie Mobile en 700 MHz);703-788;0.07;""
173405;TM 700 (Téléphonie Mobile en 700 MHz);703-788;0.35;""
173428;TM 700 (Téléphonie Mobile en 700 MHz);703-788;0.73;""
173622;TM 700 (Téléphonie Mobile en 700 MHz);703-788;0.43;""
173623;TM 700 (Téléphonie Mobile en 700 MHz);703-788;0.16;""
173774;TM 700 (Téléphonie Mobile en 700 MHz);703-788;1.34;""
173776;TM 700 (Téléphonie Mobile en 700 MHz);703-788;0.44;""
174047;TM 700 (Téléphonie Mobile en 700 MHz);703-788;0.41;""
174051;TM 700 (Téléphonie Mobile en 700 MHz);703-788;0.52;""
174077;TM 700 (Téléphonie Mobile en 700 MHz);703-788;"";""
174286;TM 700 (Téléphonie Mobile en 700 MHz);703-788;0.18;""
175081;TM 700 (Téléphonie Mobile en 700 MHz);703-788;0.14;""
175207;TM 700 (Téléphonie Mobile en 700 MHz);703-788;"";""
176136;TM 700 (Téléphonie Mobile en 700 MHz);703-788;"";""
176289;TM 700 (Téléphonie Mobile en 700 MHz);703-788;"";""
176296;TM 700 (Téléphonie Mobile en 700 MHz);703-788;"";""
176637;TM 700 (Téléphonie Mobile en 700 MHz);703-788;"";""
176645;TM 700 (Téléphonie Mobile en 700 MHz);703-788;"";""
177116;TM 700 (Téléphonie Mobile en 700 MHz);703-788;0.06;""
177117;TM 700 (Téléphonie Mobile en 700 MHz);703-788;0.05;""
177130;TM 700 (Téléphonie Mobile en 700 MHz);703-788;0.57;""
177142;TM 700 (Téléphonie Mobile en 700 MHz);703-788;0.18;""
177158;TM 700 (Téléphonie Mobile en 700 MHz);703-788;0.77;""
177464;TM 700 (Téléphonie Mobile en 700 MHz);703-788;0.27;""
177649;TM 700 (Téléphonie Mobile en 700 MHz);703-788;1.03;""
177650;TM 700 (Téléphonie Mobile en 700 MHz);703-788;0.6;""
177664;TM 700 (Téléphonie Mobile en 700 MHz);703-788;0.33;""
177667;TM 700 (Téléphonie Mobile en 700 MHz);703-788;1.88;""
177699;TM 700 (Téléphonie Mobile en 700 MHz);703-788;0.29;""
178160;TM 700 (Téléphonie Mobile en 700 MHz);703-788;"";""
178285;TM 700 (Téléphonie Mobile en 700 MHz);703-788;0.14;""
178313;TM 700 (Téléphonie Mobile en 700 MHz);703-788;0.07;""
178360;TM 700 (Téléphonie Mobile en 700 MHz);703-788;0.24;""
178421;TM 700 (Téléphonie Mobile en 700 MHz);703-788;0.28;""
179117;TM 700 (Téléphonie Mobile en 700 MHz);703-788;"";""
179301;TM 700 (Téléphonie Mobile en 700 MHz);703-788;"";""
179309;TM 700 (Téléphonie Mobile en 700 MHz);703-788;"";""
179431;TM 700 (Téléphonie Mobile en 700 MHz);703-788;"";""
179435;TM 700 (Téléphonie Mobile en 700 MHz);703-788;1.1;""
179443;TM 700 (Téléphonie Mobile en 700 MHz);703-788;"";""
180454;TM 700 (Téléphonie Mobile en 700 MHz);703-788;0.06;""
180797;TM 700 (Téléphonie Mobile en 700 MHz);703-788;0.17;""
180908;TM 700 (Téléphonie Mobile en 700 MHz);703-788;0.07;""
180914;TM 700 (Téléphonie Mobile en 700 MHz);703-788;"";""
180915;TM 700 (Téléphonie Mobile en 700 MHz);703-788;"";""
181035;TM 700 (Téléphonie Mobile en 700 MHz);703-788;0.14;""
181438;TM 700 (Téléphonie Mobile en 700 MHz);703-788;5.14;9.96
181518;TM 700 (Téléphonie Mobile en 700 MHz);703-788;0.2;""
181520;TM 700 (Téléphonie Mobile en 700 MHz);703-788;0.2;""
182195;TM 700 (Téléphonie Mobile en 700 MHz);703-788;0.13;""
182212;TM 700 (Téléphonie Mobile en 700 MHz);703-788;"";""
182723;TM 700 (Téléphonie Mobile en 700 MHz);703-788;0.27;""
182726;TM 700 (Téléphonie Mobile en 700 MHz);703-788;0.19;""
182750;TM 700 (Téléphonie Mobile en 700 MHz);703-788;0.23;""
182752;TM 700 (Téléphonie Mobile en 700 MHz);703-788;0.96;""
182753;TM 700 (Téléphonie Mobile en 700 MHz);703-788;0.09;""
182762;TM 700 (Téléphonie Mobile en 700 MHz);703-788;0.41;""
182769;TM 700 (Téléphonie Mobile en 700 MHz);703-788;0.73;""
182773;TM 700 (Téléphonie Mobile en 700 MHz);703-788;0.44;""
182825;TM 700 (Téléphonie Mobile en 700 MHz);703-788;0.24;""
167769;TM 3600;3400-3800;0.09;""
167780;TM 3600;3400-3800;"";""
167788;TM 3600;3400-3800;"";""
168393;TM 3600;3400-3800;0.04;""
168568;TM 3600;3400-3800;"";""
168864;TM 3600;3400-3800;0.39;""
170073;TM 3600;3400-3800;0.38;""
170106;TM 3600;3400-3800;"";""
170165;TM 3600;3400-3800;"";""
170166;TM 3600;3400-3800;"";""
170179;TM 3600;3400-3800;"";""
170917;TM 3600;3400-3800;0.45;""
171804;TM 3600;3400-3800;"";""
172517;TM 3600;3400-3800;"";""
172632;TM 3600;3400-3800;0.04;""
172651;TM 3600;3400-3800;0.07;""
172653;TM 3600;3400-3800;"";""
172656;TM 3600;3400-3800;0.06;""
172732;TM 3600;3400-3800;0.4;""
172886;TM 3600;3400-3800;0.1;""
173204;TM 3600;3400-3800;0.06;""
173405;TM 3600;3400-3800;0.28;""
173428;TM 3600;3400-3800;0.19;""
173622;TM 3600;3400-3800;0.08;""
173623;TM 3600;3400-3800;0.17;""
173774;TM 3600;3400-3800;0.41;""
173776;TM 3600;3400-3800;0.16;""
174047;TM 3600;3400-3800;0.1;""
174051;TM 3600;3400-3800;0.31;""
174077;TM 3600;3400-3800;"";""
174286;TM 3600;3400-3800;0.11;""
175081;TM 3600;3400-3800;0.21;""
175207;TM 3600;3400-3800;"";""
176136;TM 3600;3400-3800;"";""
176289;TM 3600;3400-3800;"";""
176296;TM 3600;3400-3800;"";""
176637;TM 3600;3400-3800;"";""
176645;TM 3600;3400-3800;"";""
177116;TM 3600;3400-3800;0.12;""
177117;TM 3600;3400-3800;"";""
177130;TM 3600;3400-3800;0.15;""
177142;TM 3600;3400-3800;0.18;""
177158;TM 3600;3400-3800;0.17;""
177464;TM 3600;3400-3800;0.15;""
177649;TM 3600;3400-3800;0.43;""
177650;TM 3600;3400-3800;0.08;""
177664;TM 3600;3400-3800;0.13;""
177667;TM 3600;3400-3800;0.42;""
177699;TM 3600;3400-3800;0.31;""
178160;TM 3600;3400-3800;"";""
178285;TM 3600;3400-3800;0.17;""
178313;TM 3600;3400-3800;"";""
178360;TM 3600;3400-3800;"";""
178421;TM 3600;3400-3800;"";""
179117;TM 3600;3400-3800;"";""
179301;TM 3600;3400-3800;"";""
179309;TM 3600;3400-3800;"";""
179431;TM 3600;3400-3800;"";""
179435;TM 3600;3400-3800;0.79;""
179443;TM 3600;3400-3800;0.05;""
180454;TM 3600;3400-3800;"";""
180797;TM 3600;3400-3800;0.29;""
180908;TM 3600;3400-3800;"";""
180914;TM 3600;3400-3800;"";""
180915;TM 3600;3400-3800;"";""
181035;TM 3600;3400-3800;0.64;""
181438;TM 3600;3400-3800;1.87;""
181518;TM 3600;3400-3800;0.08;""
181520;TM 3600;3400-3800;0.23;""
182195;TM 3600;3400-3800;0.17;""
182212;TM 3600;3400-3800;0.07;""
182723;TM 3600;3400-3800;0.4;""
182726;TM 3600;3400-3800;0.12;""
182750;TM 3600;3400-3800;0.45;""
182752;TM 3600;3400-3800;0.42;""
182753;TM 3600;3400-3800;0.4;""
182762;TM 3600;3400-3800;0.57;""
182769;TM 3600;3400-3800;0.41;""
182773;TM 3600;3400-3800;0.47;""
182825;TM 3600;3400-3800;0.1;""
167698;"";"";"";""
167728;"";"";"";""
167759;"";"";"";""
167878;"";"";"";""
167970;"";"";"";""
168712;"";"";"";""
168748;"";"";"";""
168772;"";"";"";""
169249;"";"";"";""
169433;"";"";"";""
170062;"";"";"";""
170067;"";"";"";""
170082;"";"";"";""
170105;"";"";"";""
170460;"";"";"";""
170500;"";"";"";""
170544;"";"";"";""
170554;"";"";"";""
170973;"";"";"";""
171123;"";"";"";""
171214;"";"";"";""
171788;"";"";"";""
175738;"";"";"";""
175773;"";"";"";""
175794;"";"";"";""
176087;"";"";"";""
176088;"";"";"";""
176111;"";"";"";""
178614;"";"";"";""
178615;"";"";"";""
178624;"";"";"";""
178629;"";"";"";""
178632;"";"";"";""
178638;"";"";"";""
178651;"";"";"";""
181446;"";"";"";""
